path,class_name,label,run1_raw,run2_masked
COVID/images/COVID-10.png,COVID,0,0.43288642381319636,0.32517867869039774
COVID/images/COVID-1001.png,COVID,0,0.04387209176944858,0.17681937819453442
COVID/images/COVID-1012.png,COVID,0,0.12428485785505418,0.4749291746006071
COVID/images/COVID-1015.png,COVID,0,0.38067672778020467,0.44002538546694875
COVID/images/COVID-1029.png,COVID,0,0.3235845635080564,0.4621554914969817
COVID/images/COVID-1036.png,COVID,0,0.3590138097313084,0.3524964306823262
COVID/images/COVID-104.png,COVID,0,0.3533840511904355,0.4624846001588715
COVID/images/COVID-1048.png,COVID,0,0.3954011588404538,0.5293725160689128
COVID/images/COVID-1056.png,COVID,0,0.3496083218265795,0.4216512837911705
COVID/images/COVID-1058.png,COVID,0,0.32736566358640284,0.2521148268272709
COVID/images/COVID-1065.png,COVID,0,0.2855366457027097,0.09564302468060823
COVID/images/COVID-107.png,COVID,0,0.2985292502221611,0.4287049920372357
COVID/images/COVID-1079.png,COVID,0,0.2981960126614,0.5797920838671212
COVID/images/COVID-108.png,COVID,0,0.32950617124912823,0.2585429530589224
COVID/images/COVID-1084.png,COVID,0,0.47326500881425054,0.5761239674111542
COVID/images/COVID-1087.png,COVID,0,0.16312380902084755,0.49340364526667396
COVID/images/COVID-1094.png,COVID,0,0.29816496439313,0.5708427918077338
COVID/images/COVID-1098.png,COVID,0,0.15363149037453253,0.37070172498461573
COVID/images/COVID-11.png,COVID,0,0.30773371032430763,0.3820681387539368
COVID/images/COVID-1100.png,COVID,0,0.3318251047891008,0.45054137472850986
COVID/images/COVID-1102.png,COVID,0,0.4362386522225734,0.6031713751097716
COVID/images/COVID-1108.png,COVID,0,0.31124865967759796,0.5337034033122441
COVID/images/COVID-1115.png,COVID,0,0.331956085534178,0.5779404441149067
COVID/images/COVID-1116.png,COVID,0,0.3943348105203144,0.3511305554066057
COVID/images/COVID-1121.png,COVID,0,0.24591531758835963,0.5245919887370467
COVID/images/COVID-1127.png,COVID,0,0.4023424494849082,0.5750590005725548
COVID/images/COVID-1136.png,COVID,0,0.4218418835645949,0.3542699024201021
COVID/images/COVID-1143.png,COVID,0,0.3240702073086128,0.3558221657364594
COVID/images/COVID-1154.png,COVID,0,0.33168119736340723,0.42735290336751836
COVID/images/COVID-117.png,COVID,0,0.22330006205693406,0.47610960003415564
COVID/images/COVID-1170.png,COVID,0,0.23709815565145959,0.40880419907367566
COVID/images/COVID-1173.png,COVID,0,0.4657414135371122,0.5785123706247216
COVID/images/COVID-1177.png,COVID,0,0.24173087304418273,0.40134024680766395
COVID/images/COVID-118.png,COVID,0,0.3818316581306264,0.5626797232382831
COVID/images/COVID-1181.png,COVID,0,0.28529014119051105,0.2128300902150641
COVID/images/COVID-1183.png,COVID,0,0.1945267284658425,0.3906263115264294
COVID/images/COVID-1194.png,COVID,0,0.42557723678623344,0.4989015571352267
COVID/images/COVID-1201.png,COVID,0,0.06902132019525975,0.34742165368692196
COVID/images/COVID-1205.png,COVID,0,0.3386890775511426,0.474647830985936
COVID/images/COVID-1210.png,COVID,0,0.06291912434571559,0.41208854967914615
COVID/images/COVID-1218.png,COVID,0,0.11621068936989858,0.339199274050694
COVID/images/COVID-1223.png,COVID,0,0.05678663991963982,0.30099747004313043
COVID/images/COVID-1224.png,COVID,0,0.46179027117496846,0.5174259108088268
COVID/images/COVID-1234.png,COVID,0,0.32544634093112607,0.4506037605255864
COVID/images/COVID-1238.png,COVID,0,0.3268013804748132,0.20644287557960994
COVID/images/COVID-1241.png,COVID,0,0.2270019831825172,0.4856510050944104
COVID/images/COVID-1252.png,COVID,0,0.5631525144245327,0.47588977815461825
COVID/images/COVID-1256.png,COVID,0,0.3049911871028272,0.3448925078420153
COVID/images/COVID-1264.png,COVID,0,0.6070601247848734,0.6424842599203777
COVID/images/COVID-1271.png,COVID,0,0.4277063171561859,0.4524298538323665
COVID/images/COVID-1272.png,COVID,0,0.4325785426472253,0.4413592294069151
COVID/images/COVID-1288.png,COVID,0,0.3549976337042118,0.4996265500038321
COVID/images/COVID-1298.png,COVID,0,0.18648826717421188,0.44908163632060033
COVID/images/COVID-1321.png,COVID,0,0.3245651127589627,0.605231937298005
COVID/images/COVID-1328.png,COVID,0,0.5450347670040082,0.43912677776727105
COVID/images/COVID-1332.png,COVID,0,0.3924053218001436,0.33684894119427145
COVID/images/COVID-1336.png,COVID,0,0.3971526163984611,0.4965157138586554
COVID/images/COVID-1339.png,COVID,0,0.1394621411945195,0.37288194596339536
COVID/images/COVID-1341.png,COVID,0,0.0722639381597528,0.2534955983456829
COVID/images/COVID-1347.png,COVID,0,0.1624034011319536,0.3034787901054978
COVID/images/COVID-1350.png,COVID,0,0.2753574526269752,0.3580454174276904
COVID/images/COVID-1351.png,COVID,0,0.3720460192641916,0.5898931098094763
COVID/images/COVID-1353.png,COVID,0,0.351257413246942,0.36337277145692376
COVID/images/COVID-1360.png,COVID,0,0.23233436352576875,0.4894509750885447
COVID/images/COVID-1365.png,COVID,0,0.49783601130954214,0.5473819272328089
COVID/images/COVID-1374.png,COVID,0,0.24102851388542154,0.3990868615951303
COVID/images/COVID-138.png,COVID,0,0.20915795416408658,0.38183726788715094
COVID/images/COVID-1396.png,COVID,0,0.20471714434686158,0.4095856280893142
COVID/images/COVID-1399.png,COVID,0,0.34379286805869685,0.3559712730732553
COVID/images/COVID-1407.png,COVID,0,0.3178375834751434,0.3218136551672091
COVID/images/COVID-1421.png,COVID,0,0.4341484019330246,0.39770166190820994
COVID/images/COVID-1429.png,COVID,0,0.38991972619321996,0.4945324441286556
COVID/images/COVID-1438.png,COVID,0,0.23789630272912604,0.45092968264341793
COVID/images/COVID-1450.png,COVID,0,0.17365659911667988,0.2058660067959285
COVID/images/COVID-1451.png,COVID,0,0.4725178701479342,0.43944910409419896
COVID/images/COVID-1455.png,COVID,0,0.3748599227057693,0.5180684754703121
COVID/images/COVID-1462.png,COVID,0,0.38072295493720537,0.4936103509754245
COVID/images/COVID-1467.png,COVID,0,0.2854428948974453,0.5160583510567166
COVID/images/COVID-1474.png,COVID,0,0.3497954379310241,0.46595604298542553
COVID/images/COVID-1477.png,COVID,0,0.3678604502634261,0.38457620800632675
COVID/images/COVID-1491.png,COVID,0,0.5271530841657338,0.4812975369259857
COVID/images/COVID-1496.png,COVID,0,0.2506608027242861,0.3374701087246178
COVID/images/COVID-1499.png,COVID,0,0.31253717042262935,0.3687917010381841
COVID/images/COVID-15.png,COVID,0,0.27030826135431085,0.4121394056762784
COVID/images/COVID-1504.png,COVID,0,0.37281555241458636,0.368059169922877
COVID/images/COVID-1533.png,COVID,0,0.5583441370740785,0.5347186819055891
COVID/images/COVID-1541.png,COVID,0,0.033983224396638104,0.17407938242654647
COVID/images/COVID-155.png,COVID,0,0.23356509577590304,0.3260308620286161
COVID/images/COVID-1560.png,COVID,0,0.2864690510643772,0.3717218232422553
COVID/images/COVID-1562.png,COVID,0,0.4731493174776753,0.49130148804133617
COVID/images/COVID-157.png,COVID,0,0.3480678062108791,0.2637724181738499
COVID/images/COVID-1575.png,COVID,0,0.40503217249230916,0.46204913008513987
COVID/images/COVID-1585.png,COVID,0,0.40940196866150297,0.5456587589549986
COVID/images/COVID-1587.png,COVID,0,0.3955897051382984,0.536244420655775
COVID/images/COVID-159.png,COVID,0,0.48007966807312275,0.4963904093015258
COVID/images/COVID-1591.png,COVID,0,0.30548949715906853,0.2729588379115295
COVID/images/COVID-1596.png,COVID,0,0.4578430435802776,0.5321835434067952
COVID/images/COVID-1602.png,COVID,0,0.40590195629594517,0.48319390678586066
COVID/images/COVID-1603.png,COVID,0,0.1948111026208202,0.2362544406937904
COVID/images/COVID-1608.png,COVID,0,0.2781282176274051,0.4121325278105534
COVID/images/COVID-1612.png,COVID,0,0.23236061571735467,0.36604016943834866
COVID/images/COVID-1616.png,COVID,0,0.34927261501093554,0.35103987090002936
COVID/images/COVID-162.png,COVID,0,0.3209511052709018,0.4737556177673114
COVID/images/COVID-1621.png,COVID,0,0.03321587490126783,0.43773554687904365
COVID/images/COVID-1630.png,COVID,0,0.37184572912227754,0.6193639651585904
COVID/images/COVID-1631.png,COVID,0,0.30239367142324497,0.2955963747888719
COVID/images/COVID-1644.png,COVID,0,0.23868902440169706,0.44546039261240067
COVID/images/COVID-1645.png,COVID,0,0.13605139451661358,0.2558498583183961
COVID/images/COVID-1648.png,COVID,0,0.3939956969315123,0.5405271858621288
COVID/images/COVID-1658.png,COVID,0,0.2948879554606252,0.3901682659333615
COVID/images/COVID-1660.png,COVID,0,0.44491133788551934,0.5352449782294547
COVID/images/COVID-1661.png,COVID,0,0.24301523167020525,0.4429985614476505
COVID/images/COVID-1667.png,COVID,0,0.38492808354417524,0.501458638038398
COVID/images/COVID-1681.png,COVID,0,0.31278448768549616,0.3336571963990642
COVID/images/COVID-1682.png,COVID,0,0.3375902384017599,0.5134289986205696
COVID/images/COVID-1689.png,COVID,0,0.358601172272966,0.42718519700829094
COVID/images/COVID-1691.png,COVID,0,0.33867395821421425,0.3960856141898285
COVID/images/COVID-1699.png,COVID,0,0.22827474554470045,0.29181777006260023
COVID/images/COVID-1702.png,COVID,0,0.21504611219150088,0.26941835539666736
COVID/images/COVID-1708.png,COVID,0,0.2769330770974431,0.35252272003967067
COVID/images/COVID-1709.png,COVID,0,0.33410985889022904,0.36550778691483243
COVID/images/COVID-1713.png,COVID,0,0.40998033651057725,0.4165615099061984
COVID/images/COVID-1728.png,COVID,0,0.29097249482784426,0.33045701359702984
COVID/images/COVID-1731.png,COVID,0,0.2858510815360476,0.3176536862042635
COVID/images/COVID-1732.png,COVID,0,0.23409861155550032,0.2898840744454634
COVID/images/COVID-174.png,COVID,0,0.2539929582847423,0.3447515243110523
COVID/images/COVID-1757.png,COVID,0,0.32584866653400185,0.2806365925153704
COVID/images/COVID-1766.png,COVID,0,0.22064497162828153,0.35592056244960446
COVID/images/COVID-1768.png,COVID,0,0.10196918341377864,0.26357020456126334
COVID/images/COVID-1770.png,COVID,0,0.2510618084036913,0.33483934187236597
COVID/images/COVID-1779.png,COVID,0,0.3046587455073797,0.3627766365827942
COVID/images/COVID-1782.png,COVID,0,0.23720194187208257,0.3529693578879697
COVID/images/COVID-1785.png,COVID,0,0.21041936835706818,0.28463830523096195
COVID/images/COVID-1791.png,COVID,0,0.23136138488836505,0.35634577291855213
COVID/images/COVID-1794.png,COVID,0,0.19058873939815502,0.4439035892612614
COVID/images/COVID-1799.png,COVID,0,0.32487422858661585,0.15697089039662546
COVID/images/COVID-1810.png,COVID,0,0.3804522759562046,0.3230756139271341
COVID/images/COVID-1814.png,COVID,0,0.27681301612253506,0.3165828135575011
COVID/images/COVID-1824.png,COVID,0,0.20708035567151803,0.37443179099313106
COVID/images/COVID-1846.png,COVID,0,0.26520117772898155,0.4144472676702962
COVID/images/COVID-1850.png,COVID,0,0.35804487901599696,0.2107467144393132
COVID/images/COVID-1854.png,COVID,0,0.3398298288134258,0.315572944040773
COVID/images/COVID-1879.png,COVID,0,0.23998751937402138,0.4574298238386033
COVID/images/COVID-188.png,COVID,0,0.3283655478910008,0.34869477980800867
COVID/images/COVID-1880.png,COVID,0,0.35146426172210615,0.18264722746785525
COVID/images/COVID-1881.png,COVID,0,0.42188719677560577,0.5446744097812387
COVID/images/COVID-1894.png,COVID,0,0.24418990391515144,0.2885817979185963
COVID/images/COVID-1895.png,COVID,0,0.39326106904927083,0.4327258998415905
COVID/images/COVID-1902.png,COVID,0,0.1049350102554964,0.31267490417984845
COVID/images/COVID-1913.png,COVID,0,0.3741583233188942,0.2937028411095574
COVID/images/COVID-1932.png,COVID,0,0.45579869160941056,0.42616451048610393
COVID/images/COVID-194.png,COVID,0,0.3142919257365603,0.3968870425198818
COVID/images/COVID-1940.png,COVID,0,0.19259253081233327,0.3653978654935269
COVID/images/COVID-1945.png,COVID,0,0.10054680388436724,0.45137952619135935
COVID/images/COVID-1949.png,COVID,0,0.19896796470071926,0.4162708657319236
COVID/images/COVID-195.png,COVID,0,0.1352225026920735,0.3197890690352292
COVID/images/COVID-1953.png,COVID,0,0.13667000223510525,0.2945834006885634
COVID/images/COVID-1956.png,COVID,0,0.23218728557729293,0.3651419713769543
COVID/images/COVID-1962.png,COVID,0,0.25101460989935814,0.24532207483683743
COVID/images/COVID-1966.png,COVID,0,0.31866604104862756,0.40395501242404347
COVID/images/COVID-1968.png,COVID,0,0.1827365904249484,0.2993153719070875
COVID/images/COVID-1993.png,COVID,0,0.21624104285104487,0.32013935630312423
COVID/images/COVID-1995.png,COVID,0,0.28519876637752045,0.4092185541864052
COVID/images/COVID-1996.png,COVID,0,0.3494793570366617,0.4260222103374137
COVID/images/COVID-2027.png,COVID,0,0.27149862724981516,0.47624231660074695
COVID/images/COVID-2037.png,COVID,0,0.365154935055432,0.36191452949289804
COVID/images/COVID-2038.png,COVID,0,0.4624195381537407,0.494101474372217
COVID/images/COVID-2050.png,COVID,0,0.18692207358876164,0.17200274527874426
COVID/images/COVID-2051.png,COVID,0,0.3572401000959369,0.3878589638003011
COVID/images/COVID-2054.png,COVID,0,0.3344016222206891,0.4083623808043548
COVID/images/COVID-2056.png,COVID,0,0.3322621358925156,0.45614744510989425
COVID/images/COVID-2059.png,COVID,0,0.3544237115875055,0.2716702365719808
COVID/images/COVID-2063.png,COVID,0,0.3204971414444326,0.242056399657526
COVID/images/COVID-2067.png,COVID,0,0.5464619031804634,0.506895239863781
COVID/images/COVID-2073.png,COVID,0,0.32700446804976324,0.41904451792098374
COVID/images/COVID-2076.png,COVID,0,0.25535605595951516,0.34539969684361227
COVID/images/COVID-2087.png,COVID,0,0.32691148010548565,0.3911146244371525
COVID/images/COVID-2088.png,COVID,0,0.36337593549456715,0.2527236382204041
COVID/images/COVID-2094.png,COVID,0,0.23730505707797442,0.45454182847075586
COVID/images/COVID-2115.png,COVID,0,0.3517324302249216,0.3310779877775513
COVID/images/COVID-2116.png,COVID,0,0.11462606261002496,0.3954843168731732
COVID/images/COVID-2119.png,COVID,0,0.3823467857729319,0.4468222643548151
COVID/images/COVID-212.png,COVID,0,0.4239999947104095,0.45910097199911226
COVID/images/COVID-2124.png,COVID,0,0.3790167848076347,0.27220804652963493
COVID/images/COVID-2148.png,COVID,0,0.433976881253289,0.3422903999927262
COVID/images/COVID-2154.png,COVID,0,0.2719519457886207,0.41970982757677483
COVID/images/COVID-2159.png,COVID,0,0.13583134747516998,0.3096296478978775
COVID/images/COVID-2163.png,COVID,0,0.3435839126117586,0.38248000387189784
COVID/images/COVID-2171.png,COVID,0,0.3908264089933006,0.379023593982464
COVID/images/COVID-2175.png,COVID,0,0.29608626722669523,0.3017246720426867
COVID/images/COVID-2177.png,COVID,0,0.2536046937314077,0.3828750088051247
COVID/images/COVID-2190.png,COVID,0,0.17501012469181754,0.33054129529050674
COVID/images/COVID-2193.png,COVID,0,0.2885169786691146,0.35853584398508903
COVID/images/COVID-2205.png,COVID,0,0.19735485811170278,0.43026423049406903
COVID/images/COVID-221.png,COVID,0,0.2523575586118146,0.27362489832457326
COVID/images/COVID-2214.png,COVID,0,0.4694119899398355,0.3865241702036873
COVID/images/COVID-2219.png,COVID,0,0.2903196339064825,0.34950171999350665
COVID/images/COVID-2220.png,COVID,0,0.4175033969473342,0.32510515633673004
COVID/images/COVID-2230.png,COVID,0,0.1941008460502693,0.23753334037605295
COVID/images/COVID-2236.png,COVID,0,0.24391960259745277,0.3445738204079223
COVID/images/COVID-2245.png,COVID,0,0.18167780326619787,0.3718197224960396
COVID/images/COVID-2255.png,COVID,0,0.33719440613278373,0.41066917413237425
COVID/images/COVID-2257.png,COVID,0,0.3022113645296977,0.4322060702050776
COVID/images/COVID-2258.png,COVID,0,0.2062975987521756,0.2903498951076488
COVID/images/COVID-2272.png,COVID,0,0.2429219688512704,0.3999678117253318
COVID/images/COVID-2274.png,COVID,0,0.24300020126799113,0.29229437319521107
COVID/images/COVID-228.png,COVID,0,0.28190784072691566,0.3278606293771586
COVID/images/COVID-2291.png,COVID,0,0.32162806575331193,0.40166410243441525
COVID/images/COVID-2298.png,COVID,0,0.30600457666589614,0.07269519937563718
COVID/images/COVID-231.png,COVID,0,0.29983588913322684,0.3668542956420553
COVID/images/COVID-2314.png,COVID,0,0.2632199641087912,0.3663970409202596
COVID/images/COVID-2315.png,COVID,0,0.4043979726536912,0.3738141893875214
COVID/images/COVID-2319.png,COVID,0,0.39486751974129275,0.3774151560453064
COVID/images/COVID-2323.png,COVID,0,0.4407144113488647,0.4501112264838584
COVID/images/COVID-2325.png,COVID,0,0.1153586941522439,0.384811354109494
COVID/images/COVID-2337.png,COVID,0,0.1007137096668294,0.16189998649446313
COVID/images/COVID-2339.png,COVID,0,0.18287782010766665,0.4431777561115461
COVID/images/COVID-2342.png,COVID,0,0.30602426472496785,0.30448103810240296
COVID/images/COVID-2348.png,COVID,0,0.1781129196998481,0.30205556458555866
COVID/images/COVID-2360.png,COVID,0,0.2812441505729699,0.3344721955954464
COVID/images/COVID-2361.png,COVID,0,0.4071018023684707,0.4073874632615753
COVID/images/COVID-2365.png,COVID,0,0.18587150895891424,0.3421984049458979
COVID/images/COVID-2368.png,COVID,0,0.13334905916366846,0.30195349520849113
COVID/images/COVID-2369.png,COVID,0,0.5044761502015603,0.2069129481194824
COVID/images/COVID-2370.png,COVID,0,0.4324587412380835,0.4838447721758406
COVID/images/COVID-2375.png,COVID,0,0.22129159365156326,0.3217965601330176
COVID/images/COVID-239.png,COVID,0,0.24327922028944132,0.364840636156497
COVID/images/COVID-2393.png,COVID,0,0.26382269321162366,0.4540264519442081
COVID/images/COVID-2399.png,COVID,0,0.2282771606628898,0.2986231847832338
COVID/images/COVID-2402.png,COVID,0,0.25357094230740057,0.2528500368970007
COVID/images/COVID-2411.png,COVID,0,0.32813654203976633,0.19871491025979382
COVID/images/COVID-2413.png,COVID,0,0.19696453282953633,0.40234426175960214
COVID/images/COVID-242.png,COVID,0,0.20975256836177467,0.28202670606257
COVID/images/COVID-2451.png,COVID,0,0.37278988008254177,0.4050968461102778
COVID/images/COVID-2453.png,COVID,0,0.3298851306479772,0.5598943050883219
COVID/images/COVID-2462.png,COVID,0,0.2404298905985883,0.45926567701928456
COVID/images/COVID-2476.png,COVID,0,0.3419527582084794,0.3058301809321472
COVID/images/COVID-2489.png,COVID,0,0.3626641887040043,0.5994998630498801
COVID/images/COVID-2490.png,COVID,0,0.43655510327550795,0.4747193881216335
COVID/images/COVID-2502.png,COVID,0,0.3924272806340523,0.42328804436460404
COVID/images/COVID-2504.png,COVID,0,0.21299803040127807,0.3237235753372412
COVID/images/COVID-2505.png,COVID,0,0.3711335451188167,0.39419393058526786
COVID/images/COVID-2506.png,COVID,0,0.3198064576326144,0.3043785808881013
COVID/images/COVID-2507.png,COVID,0,0.33507316603021914,0.34546732907472666
COVID/images/COVID-2518.png,COVID,0,0.13053027628157635,0.22819260707237993
COVID/images/COVID-2519.png,COVID,0,0.11385537189614395,0.3432720802738904
COVID/images/COVID-2523.png,COVID,0,0.29432954405715983,0.42502326710670796
COVID/images/COVID-253.png,COVID,0,0.5305071695712589,0.5193730743425419
COVID/images/COVID-2532.png,COVID,0,0.2739410464920874,0.32461214616914313
COVID/images/COVID-2536.png,COVID,0,0.2571709369254426,0.3684473163962327
COVID/images/COVID-2543.png,COVID,0,0.4334254813500329,0.39541273650575975
COVID/images/COVID-2551.png,COVID,0,0.29408162487439776,0.3863590893343887
COVID/images/COVID-2552.png,COVID,0,0.1778779848792038,0.43312086472646044
COVID/images/COVID-2553.png,COVID,0,0.43072364801420754,0.39753090189792023
COVID/images/COVID-2559.png,COVID,0,0.06168873844223236,0.20958539254786218
COVID/images/COVID-2562.png,COVID,0,0.2753582995066327,0.3322451823793502
COVID/images/COVID-2564.png,COVID,0,0.28297534328058005,0.2613845647541592
COVID/images/COVID-2565.png,COVID,0,0.25694416958326477,0.4126242518987458
COVID/images/COVID-257.png,COVID,0,0.1436190541021835,0.2617844442651801
COVID/images/COVID-258.png,COVID,0,0.31129039778353157,0.3180451065470708
COVID/images/COVID-2597.png,COVID,0,0.35475350013705,0.3628215469845527
COVID/images/COVID-2615.png,COVID,0,0.02876409008908362,0.3780248211555174
COVID/images/COVID-2618.png,COVID,0,0.5391328878413454,0.43296521857085624
COVID/images/COVID-2619.png,COVID,0,0.2766960430057547,0.3727005646164567
COVID/images/COVID-2632.png,COVID,0,0.2262501151030718,0.380987361178454
COVID/images/COVID-2633.png,COVID,0,0.26301645511064004,0.2837910938904294
COVID/images/COVID-2640.png,COVID,0,0.2531719477378856,0.37818599932479785
COVID/images/COVID-2643.png,COVID,0,0.3548954607000137,0.1279492959970552
COVID/images/COVID-2645.png,COVID,0,0.08750427098550495,0.21800763469224277
COVID/images/COVID-2651.png,COVID,0,0.2857096818371245,0.438348567495877
COVID/images/COVID-2659.png,COVID,0,0.23870751217440456,0.5050279573355466
COVID/images/COVID-2662.png,COVID,0,0.14443234424047693,0.42873835082503803
COVID/images/COVID-2675.png,COVID,0,0.27735464680337496,0.3808124203775292
COVID/images/COVID-268.png,COVID,0,0.29243675466305125,0.31293412106681
COVID/images/COVID-2680.png,COVID,0,0.3976487434839261,0.23005670632828107
COVID/images/COVID-2684.png,COVID,0,0.18358099354565738,0.32375263339864757
COVID/images/COVID-2696.png,COVID,0,0.18328534292405144,0.36718463374220567
COVID/images/COVID-2698.png,COVID,0,0.31716913009822045,0.30276878124487727
COVID/images/COVID-2702.png,COVID,0,0.3977498282750989,0.49092935319865844
COVID/images/COVID-2705.png,COVID,0,0.4604357784775282,0.41701553333306945
COVID/images/COVID-2707.png,COVID,0,0.3094292325091052,0.33089304880691117
COVID/images/COVID-272.png,COVID,0,0.4037543061042117,0.25637093098494534
COVID/images/COVID-2726.png,COVID,0,0.2658554392575649,0.43792690243544746
COVID/images/COVID-2730.png,COVID,0,0.29185731623797995,0.35585116367709346
COVID/images/COVID-2739.png,COVID,0,0.1526513818238345,0.3077894254975913
COVID/images/COVID-2741.png,COVID,0,0.30948921115604033,0.3683087464465064
COVID/images/COVID-2744.png,COVID,0,0.07087764282661015,0.24082543334932524
COVID/images/COVID-2746.png,COVID,0,0.1339801221189169,0.33529690216166413
COVID/images/COVID-2749.png,COVID,0,0.2688391659034973,0.2015485343510736
COVID/images/COVID-2752.png,COVID,0,0.3837222876751881,0.5291403355122496
COVID/images/COVID-2756.png,COVID,0,0.25955354641587136,0.36398112291585866
COVID/images/COVID-2770.png,COVID,0,0.13677469188929994,0.23188933577958035
COVID/images/COVID-2776.png,COVID,0,0.08496608606183953,0.2517179067213506
COVID/images/COVID-2782.png,COVID,0,0.2509648895158957,0.3032284214837367
COVID/images/COVID-2783.png,COVID,0,0.21272858649637152,0.2619410741286988
COVID/images/COVID-2793.png,COVID,0,0.2977419496596909,0.4296616701419618
COVID/images/COVID-2806.png,COVID,0,0.4206577467842514,0.47037268217444855
COVID/images/COVID-2815.png,COVID,0,0.38275479906087495,0.4964038404548117
COVID/images/COVID-2824.png,COVID,0,0.36788304316772835,0.4014563582841202
COVID/images/COVID-2825.png,COVID,0,0.20591944991197392,0.27237746785433187
COVID/images/COVID-2830.png,COVID,0,0.10075095910732874,0.312755251751929
COVID/images/COVID-2831.png,COVID,0,0.28712844198749377,0.37891838393832145
COVID/images/COVID-2839.png,COVID,0,0.3072664287162955,0.342650615373684
COVID/images/COVID-2849.png,COVID,0,0.2858477868387367,0.46578113750236166
COVID/images/COVID-2850.png,COVID,0,0.4061056355691771,0.36152769028594384
COVID/images/COVID-2852.png,COVID,0,0.17539299236238468,0.49291318109918064
COVID/images/COVID-2854.png,COVID,0,0.28685943343414905,0.31354076473752507
COVID/images/COVID-2860.png,COVID,0,0.4583415769709199,0.4351333695331357
COVID/images/COVID-2871.png,COVID,0,0.28944431267292586,0.32318531485721486
COVID/images/COVID-288.png,COVID,0,0.3290978778121786,0.46144627563965035
COVID/images/COVID-2880.png,COVID,0,0.27839891517388665,0.301278537696135
COVID/images/COVID-2889.png,COVID,0,0.18464125596169367,0.22076638603831764
COVID/images/COVID-2890.png,COVID,0,0.29759173489557494,0.40832936934070996
COVID/images/COVID-2899.png,COVID,0,0.013181592652783621,0.2952642665175617
COVID/images/COVID-2910.png,COVID,0,0.19323195676725397,0.3678491920721568
COVID/images/COVID-2911.png,COVID,0,0.21156659346507956,0.3410275367777102
COVID/images/COVID-2915.png,COVID,0,0.25614637211210395,0.3714015973142414
COVID/images/COVID-2918.png,COVID,0,0.2328411198066773,0.4673206841936319
COVID/images/COVID-2924.png,COVID,0,0.051769772331459844,0.4208482603387897
COVID/images/COVID-2925.png,COVID,0,0.1399152733144666,0.29662668230209127
COVID/images/COVID-2926.png,COVID,0,0.22068344775973728,0.25183978867114776
COVID/images/COVID-2943.png,COVID,0,0.5162749879066314,0.46215343153582933
COVID/images/COVID-2955.png,COVID,0,0.38857562668933904,0.4550341271811979
COVID/images/COVID-2959.png,COVID,0,0.4105679977955736,0.46163543051937195
COVID/images/COVID-2970.png,COVID,0,0.4058636258635902,0.413909537298914
COVID/images/COVID-2980.png,COVID,0,0.27868531682472303,0.47581672917579454
COVID/images/COVID-2984.png,COVID,0,0.31068447877554495,0.4014498254452324
COVID/images/COVID-2988.png,COVID,0,0.3389687527627315,0.41493765512630926
COVID/images/COVID-2989.png,COVID,0,0.4679967545180747,0.4634055388898252
COVID/images/COVID-2992.png,COVID,0,0.3837499971505974,0.3677373435969055
COVID/images/COVID-300.png,COVID,0,0.3337451327459582,0.4181802998409708
COVID/images/COVID-3008.png,COVID,0,0.26287009294793934,0.3622657720368929
COVID/images/COVID-3021.png,COVID,0,0.18997785957389804,0.23372646656559548
COVID/images/COVID-3023.png,COVID,0,0.2284279813728263,0.2339598946935302
COVID/images/COVID-3031.png,COVID,0,0.21904248884117158,0.24629167282095776
COVID/images/COVID-3033.png,COVID,0,0.20259336617018087,0.3828025715512778
COVID/images/COVID-3037.png,COVID,0,0.2079674557866956,0.38335216831586794
COVID/images/COVID-3040.png,COVID,0,0.11328499521535526,0.21347443756368356
COVID/images/COVID-3057.png,COVID,0,0.4128123760770657,0.49109272005200966
COVID/images/COVID-3058.png,COVID,0,0.2760742693600222,0.314292476731878
COVID/images/COVID-3068.png,COVID,0,0.2736742407004933,0.46153792975915847
COVID/images/COVID-3073.png,COVID,0,0.3866527886392398,0.5321440052121515
COVID/images/COVID-3088.png,COVID,0,0.22331945887811577,0.35181175105408463
COVID/images/COVID-3098.png,COVID,0,0.24709427565039627,0.3265154833090678
COVID/images/COVID-3099.png,COVID,0,0.4174245199615012,0.3745590015323144
COVID/images/COVID-3109.png,COVID,0,0.3072622683755373,0.39375681669803475
COVID/images/COVID-311.png,COVID,0,0.1954726691037604,0.2603459616700435
COVID/images/COVID-3126.png,COVID,0,0.23420737395976782,0.29480403702585567
COVID/images/COVID-3130.png,COVID,0,0.27875771331269444,0.38256494462709423
COVID/images/COVID-3134.png,COVID,0,0.37564597694185553,0.3460527227999282
COVID/images/COVID-314.png,COVID,0,0.33240983776426036,0.2609449933505126
COVID/images/COVID-3149.png,COVID,0,0.4800081568727488,0.39852137870074505
COVID/images/COVID-3158.png,COVID,0,0.4180427161840657,0.43511341427992833
COVID/images/COVID-3159.png,COVID,0,0.36944809274449436,0.4537496539209502
COVID/images/COVID-3163.png,COVID,0,0.39886968379531645,0.3361469502687626
COVID/images/COVID-3191.png,COVID,0,0.18768885567413415,0.19977289441292864
COVID/images/COVID-3192.png,COVID,0,0.3139027136247777,0.34959392141629597
COVID/images/COVID-3197.png,COVID,0,0.26089988305920214,0.3216198037882033
COVID/images/COVID-3201.png,COVID,0,0.19223997222125552,0.1974910039373126
COVID/images/COVID-3215.png,COVID,0,0.4213320948353657,0.4241374257925881
COVID/images/COVID-3218.png,COVID,0,0.030971173786674317,0.22115721879144526
COVID/images/COVID-3227.png,COVID,0,0.13600365662996278,0.3326058271497708
COVID/images/COVID-3255.png,COVID,0,0.35840807537434105,0.5206157087815644
COVID/images/COVID-326.png,COVID,0,0.36656841482737296,0.5487478675419079
COVID/images/COVID-3262.png,COVID,0,0.17658126769051746,0.30738722925128115
COVID/images/COVID-3271.png,COVID,0,0.2487900218626574,0.38542150429616545
COVID/images/COVID-3280.png,COVID,0,0.10638091372978162,0.4178674220950923
COVID/images/COVID-3305.png,COVID,0,0.2441415575338844,0.31857725819466165
COVID/images/COVID-3310.png,COVID,0,0.31767009966766896,0.12633773251472752
COVID/images/COVID-3313.png,COVID,0,0.3438947529347859,0.4178024840722263
COVID/images/COVID-3319.png,COVID,0,0.13353745922640303,0.22992224278527532
COVID/images/COVID-3323.png,COVID,0,0.3996342094874695,0.3583511286655192
COVID/images/COVID-3325.png,COVID,0,0.2904550009819197,0.3244869625160137
COVID/images/COVID-3329.png,COVID,0,0.35597832418769426,0.4402971938444345
COVID/images/COVID-3331.png,COVID,0,0.2611200587952592,0.36682464364657963
COVID/images/COVID-3340.png,COVID,0,0.2786186198000749,0.25348020971678625
COVID/images/COVID-3358.png,COVID,0,0.18804107359917285,0.29945943343947473
COVID/images/COVID-3362.png,COVID,0,0.10647815841339643,0.43019727646176675
COVID/images/COVID-3364.png,COVID,0,0.12525334173724453,0.2467026379047981
COVID/images/COVID-3373.png,COVID,0,0.1419302906922106,0.2362029404562019
COVID/images/COVID-3379.png,COVID,0,0.21403453313523937,0.27139518948176417
COVID/images/COVID-3388.png,COVID,0,0.23918664280374718,0.3731456685039048
COVID/images/COVID-3395.png,COVID,0,0.21083199611026932,0.22908979667073925
COVID/images/COVID-3426.png,COVID,0,0.07706000276983155,0.46278043747132963
COVID/images/COVID-343.png,COVID,0,0.3370772343857856,0.30613489111443926
COVID/images/COVID-3430.png,COVID,0,0.18853634305245867,0.4192845701801515
COVID/images/COVID-3434.png,COVID,0,0.33032618058438606,0.3991727481286825
COVID/images/COVID-3441.png,COVID,0,0.23722250179119378,0.44463163672209477
COVID/images/COVID-3443.png,COVID,0,0.22501111218338232,0.25063231057001195
COVID/images/COVID-3444.png,COVID,0,0.3134295797618375,0.3440872577402991
COVID/images/COVID-3457.png,COVID,0,0.373920501449861,0.46732105645459837
COVID/images/COVID-346.png,COVID,0,0.4613623363147616,0.4636832299756158
COVID/images/COVID-3466.png,COVID,0,0.10137650868388605,0.28831958449683803
COVID/images/COVID-3473.png,COVID,0,0.38045677238191594,0.38114296014414356
COVID/images/COVID-3480.png,COVID,0,0.2957847415409358,0.38550311040275254
COVID/images/COVID-3482.png,COVID,0,0.17874004007128735,0.33222057580345815
COVID/images/COVID-3492.png,COVID,0,0.21929090231373352,0.23037996824599946
COVID/images/COVID-3504.png,COVID,0,0.2164257897462454,0.3549548529180728
COVID/images/COVID-3506.png,COVID,0,0.34837579792832496,0.3739006397199163
COVID/images/COVID-3509.png,COVID,0,0.24371264724570801,0.4777251062357922
COVID/images/COVID-3511.png,COVID,0,0.2841084936825358,0.3737048781154483
COVID/images/COVID-3513.png,COVID,0,0.18078018387536582,0.3786141551678176
COVID/images/COVID-3520.png,COVID,0,0.31774281383717684,0.371108447858546
COVID/images/COVID-3526.png,COVID,0,0.3193840805963726,0.21093919859243873
COVID/images/COVID-3531.png,COVID,0,0.1735726965370008,0.30133236110214334
COVID/images/COVID-3538.png,COVID,0,0.09138356120450654,0.1729415848882295
COVID/images/COVID-354.png,COVID,0,0.39058825399831104,0.5476722762488829
COVID/images/COVID-3541.png,COVID,0,0.44133263067213013,0.4205375433992332
COVID/images/COVID-3542.png,COVID,0,0.11992375699872167,0.16430829442097394
COVID/images/COVID-3545.png,COVID,0,0.12651983583300966,0.39644008707114575
COVID/images/COVID-3554.png,COVID,0,0.39391913803089956,0.42951628802450664
COVID/images/COVID-3563.png,COVID,0,0.23639090882591746,0.3343991757697136
COVID/images/COVID-3575.png,COVID,0,0.1016387386078547,0.29453127724860956
COVID/images/COVID-3578.png,COVID,0,0.19771679027032704,0.3853143175100634
COVID/images/COVID-3581.png,COVID,0,0.1357782945949122,0.35138323411278344
COVID/images/COVID-3586.png,COVID,0,0.2549520038893978,0.36100602335758475
COVID/images/COVID-3597.png,COVID,0,0.39736431784913917,0.3971447013467054
COVID/images/COVID-3604.png,COVID,0,0.2739612037507,0.31719463186910524
COVID/images/COVID-3606.png,COVID,0,0.27925266962896567,0.372403808515771
COVID/images/COVID-3610.png,COVID,0,0.23959803176418432,0.3474445068527583
COVID/images/COVID-3614.png,COVID,0,0.10218143528886255,0.388078979553334
COVID/images/COVID-365.png,COVID,0,0.1671992036879058,0.30821599705815156
COVID/images/COVID-375.png,COVID,0,0.12642933969157533,0.30126154668067484
COVID/images/COVID-387.png,COVID,0,0.23884274643994835,0.5019062433761348
COVID/images/COVID-39.png,COVID,0,0.11499037718426565,0.27645675451853424
COVID/images/COVID-390.png,COVID,0,0.32631921226139465,0.29565923211974104
COVID/images/COVID-391.png,COVID,0,0.16966197309220096,0.439861796900955
COVID/images/COVID-394.png,COVID,0,0.1805245032359952,0.2852990879882086
COVID/images/COVID-397.png,COVID,0,0.20683792993694167,0.5317343943175125
COVID/images/COVID-4.png,COVID,0,0.2688549931085931,0.48694378696776563
COVID/images/COVID-403.png,COVID,0,0.25725666006641346,0.35268067291649047
COVID/images/COVID-408.png,COVID,0,0.28627590201252767,0.4785500111657125
COVID/images/COVID-424.png,COVID,0,0.38439881048033553,0.38123327338509577
COVID/images/COVID-425.png,COVID,0,0.3312384926888211,0.47158557402122464
COVID/images/COVID-433.png,COVID,0,0.2194275877450302,0.26244354787428403
COVID/images/COVID-446.png,COVID,0,0.240018447699568,0.3606921022122241
COVID/images/COVID-448.png,COVID,0,0.3868644205510044,0.48284836948594834
COVID/images/COVID-460.png,COVID,0,0.3299328799316923,0.442098132970678
COVID/images/COVID-462.png,COVID,0,0.11872194606562651,0.42130283826055737
COVID/images/COVID-490.png,COVID,0,0.25652754202616274,0.20394121618184333
COVID/images/COVID-493.png,COVID,0,0.4016603761886698,0.18037485782709634
COVID/images/COVID-5.png,COVID,0,0.270916410123916,0.35084921237043576
COVID/images/COVID-504.png,COVID,0,0.25621966016882686,0.5100357529546775
COVID/images/COVID-505.png,COVID,0,0.3890133766863304,0.432625311182471
COVID/images/COVID-510.png,COVID,0,0.3709323847056335,0.3105946551276874
COVID/images/COVID-519.png,COVID,0,0.21432403633986186,0.32266881061202846
COVID/images/COVID-526.png,COVID,0,0.1550100526482462,0.30105779426923085
COVID/images/COVID-528.png,COVID,0,0.2181181914009318,0.12601108384207557
COVID/images/COVID-555.png,COVID,0,0.08829334494938255,0.4714924834845475
COVID/images/COVID-559.png,COVID,0,0.4135447511517611,0.4561616957051395
COVID/images/COVID-560.png,COVID,0,0.22162595625964857,0.4034164708782391
COVID/images/COVID-562.png,COVID,0,0.5136093006373144,0.5551546539769674
COVID/images/COVID-580.png,COVID,0,0.32287256837459266,0.2865599344863039
COVID/images/COVID-582.png,COVID,0,0.31957248992586734,0.4891369970736475
COVID/images/COVID-589.png,COVID,0,0.31261880995662333,0.44119776960043955
COVID/images/COVID-605.png,COVID,0,0.45096787480740813,0.5711761396635365
COVID/images/COVID-616.png,COVID,0,0.1345089225367217,0.46373822214213056
COVID/images/COVID-618.png,COVID,0,0.3684520456131596,0.4501960913825746
COVID/images/COVID-632.png,COVID,0,0.343532674588726,0.039216994759294105
COVID/images/COVID-647.png,COVID,0,0.4939337505111903,0.5320617941671932
COVID/images/COVID-654.png,COVID,0,0.34020557702798027,0.47658905682088465
COVID/images/COVID-658.png,COVID,0,0.22219888845354502,0.45285747302854323
COVID/images/COVID-662.png,COVID,0,0.43000624683928784,0.30589773376809615
COVID/images/COVID-665.png,COVID,0,0.28581571646598614,0.2634825428955562
COVID/images/COVID-669.png,COVID,0,0.3092655700119512,0.5813888664259801
COVID/images/COVID-673.png,COVID,0,0.26385563659250205,0.3629415190232737
COVID/images/COVID-680.png,COVID,0,0.323216335493542,0.41054472126823793
COVID/images/COVID-691.png,COVID,0,0.39406660316320574,0.32097074632606404
COVID/images/COVID-698.png,COVID,0,0.3139857801031674,0.23308156827743917
COVID/images/COVID-699.png,COVID,0,0.3433006882057618,0.32153752204395847
COVID/images/COVID-704.png,COVID,0,0.2927872556079281,0.3731515882025642
COVID/images/COVID-711.png,COVID,0,0.30251613121730775,0.4382024264689275
COVID/images/COVID-715.png,COVID,0,0.46464326564987724,0.4796417165631274
COVID/images/COVID-727.png,COVID,0,0.4664356265088465,0.5208886837086346
COVID/images/COVID-730.png,COVID,0,0.47005000347351444,0.2819085919655612
COVID/images/COVID-741.png,COVID,0,0.2649669904598549,0.2373023923395672
COVID/images/COVID-748.png,COVID,0,0.2557261582610625,0.42729284979353876
COVID/images/COVID-753.png,COVID,0,0.28105903769341006,0.39981043086280654
COVID/images/COVID-776.png,COVID,0,0.29382565023585727,0.48550484650181747
COVID/images/COVID-781.png,COVID,0,0.23010955465489244,0.349999726593824
COVID/images/COVID-788.png,COVID,0,0.1332400622160614,0.2915089013964379
COVID/images/COVID-801.png,COVID,0,0.25313147714956,0.38591861557752566
COVID/images/COVID-810.png,COVID,0,0.37520925127030125,0.39613090038162124
COVID/images/COVID-811.png,COVID,0,0.26572510419884793,0.38903539323641373
COVID/images/COVID-828.png,COVID,0,0.13432668260681593,0.4669107714532971
COVID/images/COVID-836.png,COVID,0,0.375909625962657,0.3944226201806101
COVID/images/COVID-851.png,COVID,0,0.2734423450197842,0.3439866826228275
COVID/images/COVID-852.png,COVID,0,0.3073968271514023,0.35497717327630024
COVID/images/COVID-854.png,COVID,0,0.2780653694036486,0.3358656525300712
COVID/images/COVID-857.png,COVID,0,0.165155743801792,0.35332575557980717
COVID/images/COVID-861.png,COVID,0,0.2748534949964643,0.3386199229040962
COVID/images/COVID-863.png,COVID,0,0.34977314303522244,0.3630696572042843
COVID/images/COVID-867.png,COVID,0,0.4419484824479472,0.29729338197745336
COVID/images/COVID-878.png,COVID,0,0.35223190305740915,0.4004001704056219
COVID/images/COVID-896.png,COVID,0,0.019066475821364757,0.28600735264884675
COVID/images/COVID-903.png,COVID,0,0.29945607989471584,0.4006785841550652
COVID/images/COVID-907.png,COVID,0,0.2873077831316201,0.3834259431836426
COVID/images/COVID-910.png,COVID,0,0.23559468072029155,0.43295498264910864
COVID/images/COVID-911.png,COVID,0,0.21622680514233786,0.3690475455473858
COVID/images/COVID-92.png,COVID,0,0.2134242962574876,0.383342046938747
COVID/images/COVID-921.png,COVID,0,0.3152847532881556,0.31689517035681486
COVID/images/COVID-926.png,COVID,0,0.583394462739473,0.49372826980387036
COVID/images/COVID-927.png,COVID,0,0.30408606661809995,0.4041410265584384
COVID/images/COVID-934.png,COVID,0,0.0934500734176145,0.3563904514370975
COVID/images/COVID-943.png,COVID,0,0.4947940428937061,0.4694740898137632
COVID/images/COVID-947.png,COVID,0,0.3458847739049378,0.37939578224163567
COVID/images/COVID-959.png,COVID,0,0.06231558096201038,0.34334095064372083
COVID/images/COVID-96.png,COVID,0,0.34124684677329165,0.4383320424747854
COVID/images/COVID-971.png,COVID,0,0.33793992166803155,0.28631488550326817
COVID/images/COVID-973.png,COVID,0,0.38379808455079095,0.5459081576007961
COVID/images/COVID-989.png,COVID,0,0.1199811121828105,0.36097655536120565
Lung_Opacity/images/Lung_Opacity-1004.png,Lung_Opacity,1,0.15630683160340375,0.33568971942554904
Lung_Opacity/images/Lung_Opacity-1014.png,Lung_Opacity,1,0.460936530283196,0.3258325902530535
Lung_Opacity/images/Lung_Opacity-102.png,Lung_Opacity,1,0.15184582624402698,0.19554114091687932
Lung_Opacity/images/Lung_Opacity-1020.png,Lung_Opacity,1,0.4318973659517269,0.3994511144293493
Lung_Opacity/images/Lung_Opacity-1027.png,Lung_Opacity,1,0.37493557741453526,0.42939465919949227
Lung_Opacity/images/Lung_Opacity-1037.png,Lung_Opacity,1,0.23608823692991765,0.31651939232601856
Lung_Opacity/images/Lung_Opacity-1045.png,Lung_Opacity,1,0.21125311737269364,0.33891804797762276
Lung_Opacity/images/Lung_Opacity-1046.png,Lung_Opacity,1,0.05234552083348177,0.4123444239366605
Lung_Opacity/images/Lung_Opacity-1062.png,Lung_Opacity,1,0.25575391925649454,0.36802158522415335
Lung_Opacity/images/Lung_Opacity-1076.png,Lung_Opacity,1,0.3883212180942992,0.39500388637705613
Lung_Opacity/images/Lung_Opacity-1079.png,Lung_Opacity,1,0.2751428751335619,0.362447354806023
Lung_Opacity/images/Lung_Opacity-108.png,Lung_Opacity,1,0.3589151470289736,0.44397268609757695
Lung_Opacity/images/Lung_Opacity-1097.png,Lung_Opacity,1,0.33118919125099217,0.2815164601146768
Lung_Opacity/images/Lung_Opacity-11.png,Lung_Opacity,1,0.4224241177952697,0.5423835415861484
Lung_Opacity/images/Lung_Opacity-1106.png,Lung_Opacity,1,0.25739337735392626,0.3187576529855893
Lung_Opacity/images/Lung_Opacity-1126.png,Lung_Opacity,1,0.22154796042010078,0.338368264522876
Lung_Opacity/images/Lung_Opacity-1135.png,Lung_Opacity,1,0.1997292091008558,0.3793320270759843
Lung_Opacity/images/Lung_Opacity-1140.png,Lung_Opacity,1,0.3204709311020595,0.3917380664334576
Lung_Opacity/images/Lung_Opacity-1141.png,Lung_Opacity,1,0.34063566414122637,0.37939295168118964
Lung_Opacity/images/Lung_Opacity-1142.png,Lung_Opacity,1,0.24050452320567023,0.21532628867674808
Lung_Opacity/images/Lung_Opacity-1143.png,Lung_Opacity,1,0.11740133570619515,0.22944694285381353
Lung_Opacity/images/Lung_Opacity-1147.png,Lung_Opacity,1,0.2878293438951032,0.29616386237462333
Lung_Opacity/images/Lung_Opacity-1148.png,Lung_Opacity,1,0.1913885138678825,0.23312065216106764
Lung_Opacity/images/Lung_Opacity-1155.png,Lung_Opacity,1,0.21637525591305673,0.3547877828441209
Lung_Opacity/images/Lung_Opacity-1162.png,Lung_Opacity,1,0.2124474294669946,0.2807446903849881
Lung_Opacity/images/Lung_Opacity-1163.png,Lung_Opacity,1,0.27109766004645836,0.2424989946415025
Lung_Opacity/images/Lung_Opacity-1166.png,Lung_Opacity,1,0.26587024061894005,0.4607084660246261
Lung_Opacity/images/Lung_Opacity-1171.png,Lung_Opacity,1,0.11645521091098555,0.06611971503815749
Lung_Opacity/images/Lung_Opacity-1172.png,Lung_Opacity,1,0.21138797724931566,0.39579026916051213
Lung_Opacity/images/Lung_Opacity-1173.png,Lung_Opacity,1,0.24964265845864436,0.38495247224045587
Lung_Opacity/images/Lung_Opacity-1176.png,Lung_Opacity,1,0.26281801419249096,0.29532874604482656
Lung_Opacity/images/Lung_Opacity-1179.png,Lung_Opacity,1,0.3428207020599831,0.35548880621267176
Lung_Opacity/images/Lung_Opacity-118.png,Lung_Opacity,1,0.23696302994527163,0.3308296020906079
Lung_Opacity/images/Lung_Opacity-1181.png,Lung_Opacity,1,0.2626894196338142,0.21280921430768301
Lung_Opacity/images/Lung_Opacity-1182.png,Lung_Opacity,1,0.2420846545974681,0.5423670152305156
Lung_Opacity/images/Lung_Opacity-1183.png,Lung_Opacity,1,0.2544051114501403,0.40852122731317836
Lung_Opacity/images/Lung_Opacity-1185.png,Lung_Opacity,1,0.23357568384178828,0.37871869837526867
Lung_Opacity/images/Lung_Opacity-1192.png,Lung_Opacity,1,0.16731123747404292,0.3795357189681782
Lung_Opacity/images/Lung_Opacity-1200.png,Lung_Opacity,1,0.34505103470697623,0.3999555696358014
Lung_Opacity/images/Lung_Opacity-1212.png,Lung_Opacity,1,0.273512405159155,0.33790115772646817
Lung_Opacity/images/Lung_Opacity-1215.png,Lung_Opacity,1,0.2939634539992546,0.34330424618710326
Lung_Opacity/images/Lung_Opacity-1223.png,Lung_Opacity,1,0.30946086245033744,0.3393822857622624
Lung_Opacity/images/Lung_Opacity-1229.png,Lung_Opacity,1,0.2685620386090213,0.28449287779970406
Lung_Opacity/images/Lung_Opacity-1240.png,Lung_Opacity,1,0.47257581285305417,0.5163610749793499
Lung_Opacity/images/Lung_Opacity-1241.png,Lung_Opacity,1,0.2768134071054452,0.3403678608577349
Lung_Opacity/images/Lung_Opacity-1242.png,Lung_Opacity,1,0.35436771377708925,0.48994417058146533
Lung_Opacity/images/Lung_Opacity-1243.png,Lung_Opacity,1,0.14197678927939453,0.33869365632976106
Lung_Opacity/images/Lung_Opacity-1246.png,Lung_Opacity,1,0.2682050967187521,0.259217848987655
Lung_Opacity/images/Lung_Opacity-1247.png,Lung_Opacity,1,0.27406509744178903,0.3089764037004962
Lung_Opacity/images/Lung_Opacity-1248.png,Lung_Opacity,1,0.20610068798377235,0.33458919875066107
Lung_Opacity/images/Lung_Opacity-1257.png,Lung_Opacity,1,0.24778790460818456,0.47520317083440705
Lung_Opacity/images/Lung_Opacity-1259.png,Lung_Opacity,1,0.20308376368663283,0.14074470787354346
Lung_Opacity/images/Lung_Opacity-1273.png,Lung_Opacity,1,0.20472744414831065,0.4467271896260723
Lung_Opacity/images/Lung_Opacity-1277.png,Lung_Opacity,1,0.12153432348071293,0.420521302184912
Lung_Opacity/images/Lung_Opacity-1281.png,Lung_Opacity,1,0.2898318041695208,0.3396306468314963
Lung_Opacity/images/Lung_Opacity-1293.png,Lung_Opacity,1,0.18058200868832622,0.40957838136326497
Lung_Opacity/images/Lung_Opacity-1305.png,Lung_Opacity,1,0.14778004392294747,0.19367930207312214
Lung_Opacity/images/Lung_Opacity-1318.png,Lung_Opacity,1,0.2805892996788288,0.20846194772240526
Lung_Opacity/images/Lung_Opacity-1319.png,Lung_Opacity,1,0.3808501141847843,0.353381204907909
Lung_Opacity/images/Lung_Opacity-132.png,Lung_Opacity,1,0.12289143754250213,0.18261543958056398
Lung_Opacity/images/Lung_Opacity-1321.png,Lung_Opacity,1,0.24271861606546272,0.3143059802851136
Lung_Opacity/images/Lung_Opacity-1326.png,Lung_Opacity,1,0.20327762797826796,0.20173968319757593
Lung_Opacity/images/Lung_Opacity-133.png,Lung_Opacity,1,0.3105129538489361,0.4007280977407114
Lung_Opacity/images/Lung_Opacity-1330.png,Lung_Opacity,1,0.2429362628667565,0.3035985196049534
Lung_Opacity/images/Lung_Opacity-1331.png,Lung_Opacity,1,0.3134825678586697,0.5594997756411972
Lung_Opacity/images/Lung_Opacity-1335.png,Lung_Opacity,1,0.2506130940630006,0.3126259476422588
Lung_Opacity/images/Lung_Opacity-1349.png,Lung_Opacity,1,0.30218576226123744,0.5039477621948296
Lung_Opacity/images/Lung_Opacity-1355.png,Lung_Opacity,1,0.295740499579694,0.22290981854980746
Lung_Opacity/images/Lung_Opacity-1364.png,Lung_Opacity,1,0.1623020045855918,0.2767261720014087
Lung_Opacity/images/Lung_Opacity-1370.png,Lung_Opacity,1,0.2584737982501867,0.2908293833234603
Lung_Opacity/images/Lung_Opacity-1379.png,Lung_Opacity,1,0.08176364150105368,0.22220684224955287
Lung_Opacity/images/Lung_Opacity-138.png,Lung_Opacity,1,0.292749960792026,0.4179838889674276
Lung_Opacity/images/Lung_Opacity-1399.png,Lung_Opacity,1,0.2867159619329655,0.3538823775400904
Lung_Opacity/images/Lung_Opacity-140.png,Lung_Opacity,1,0.24576154453499174,0.3165729798947202
Lung_Opacity/images/Lung_Opacity-1401.png,Lung_Opacity,1,0.27388436649045367,0.3796802257283288
Lung_Opacity/images/Lung_Opacity-1405.png,Lung_Opacity,1,0.13321792199701668,0.3274805272399423
Lung_Opacity/images/Lung_Opacity-1421.png,Lung_Opacity,1,0.18370703801419347,0.2862033333251047
Lung_Opacity/images/Lung_Opacity-1434.png,Lung_Opacity,1,0.252332413287727,0.17808535698723807
Lung_Opacity/images/Lung_Opacity-1438.png,Lung_Opacity,1,0.23804428472022932,0.3569865306968043
Lung_Opacity/images/Lung_Opacity-1446.png,Lung_Opacity,1,0.3021519323880337,0.2759021124403255
Lung_Opacity/images/Lung_Opacity-1463.png,Lung_Opacity,1,0.4138559649442392,0.43945392173100456
Lung_Opacity/images/Lung_Opacity-1475.png,Lung_Opacity,1,0.25611304548738,0.36979697761847424
Lung_Opacity/images/Lung_Opacity-1477.png,Lung_Opacity,1,0.2614592036923065,0.3455902817653188
Lung_Opacity/images/Lung_Opacity-1481.png,Lung_Opacity,1,0.05143385565566137,0.29277899599512597
Lung_Opacity/images/Lung_Opacity-1486.png,Lung_Opacity,1,0.15016094618003462,0.35003566427406474
Lung_Opacity/images/Lung_Opacity-1501.png,Lung_Opacity,1,0.16711666123784624,0.2537622294162737
Lung_Opacity/images/Lung_Opacity-1502.png,Lung_Opacity,1,0.3909161655426839,0.521191258467279
Lung_Opacity/images/Lung_Opacity-1508.png,Lung_Opacity,1,0.17024423757390822,0.280997105802804
Lung_Opacity/images/Lung_Opacity-1511.png,Lung_Opacity,1,0.46165687137789974,0.4121599820873447
Lung_Opacity/images/Lung_Opacity-1523.png,Lung_Opacity,1,0.35674635295139195,0.526550709613156
Lung_Opacity/images/Lung_Opacity-1535.png,Lung_Opacity,1,0.37177077740836173,0.140449788874346
Lung_Opacity/images/Lung_Opacity-1539.png,Lung_Opacity,1,0.23263438957469038,0.35603527794516204
Lung_Opacity/images/Lung_Opacity-1540.png,Lung_Opacity,1,0.19181140851854714,0.3353894953134474
Lung_Opacity/images/Lung_Opacity-1545.png,Lung_Opacity,1,0.33140642860827824,0.2713926869123013
Lung_Opacity/images/Lung_Opacity-1564.png,Lung_Opacity,1,0.4057192216121047,0.35514256892573054
Lung_Opacity/images/Lung_Opacity-157.png,Lung_Opacity,1,0.20492550564317602,0.3502640312177841
Lung_Opacity/images/Lung_Opacity-1578.png,Lung_Opacity,1,0.3605833014417282,0.4056943462055347
Lung_Opacity/images/Lung_Opacity-158.png,Lung_Opacity,1,0.37503552497317244,0.4780062781584974
Lung_Opacity/images/Lung_Opacity-1583.png,Lung_Opacity,1,0.3638794646520135,0.31695873029215066
Lung_Opacity/images/Lung_Opacity-1584.png,Lung_Opacity,1,0.10527279209388617,0.32275537408541777
Lung_Opacity/images/Lung_Opacity-1590.png,Lung_Opacity,1,0.271560446151766,0.21891445120574016
Lung_Opacity/images/Lung_Opacity-1592.png,Lung_Opacity,1,0.4490647009071697,0.3201467567752251
Lung_Opacity/images/Lung_Opacity-1593.png,Lung_Opacity,1,0.21539683160398512,0.060298657900556274
Lung_Opacity/images/Lung_Opacity-1608.png,Lung_Opacity,1,0.10250093375542983,0.3434952654303573
Lung_Opacity/images/Lung_Opacity-1610.png,Lung_Opacity,1,0.26139526372287,0.32904830656803546
Lung_Opacity/images/Lung_Opacity-1619.png,Lung_Opacity,1,0.2275151919339501,0.2982011694453987
Lung_Opacity/images/Lung_Opacity-162.png,Lung_Opacity,1,0.3712346006467709,0.3417640426026738
Lung_Opacity/images/Lung_Opacity-1627.png,Lung_Opacity,1,0.13288719706402835,0.5018264560107444
Lung_Opacity/images/Lung_Opacity-1628.png,Lung_Opacity,1,0.11971966133313214,0.36053546637994327
Lung_Opacity/images/Lung_Opacity-1644.png,Lung_Opacity,1,0.19903288139670844,0.39697657275743936
Lung_Opacity/images/Lung_Opacity-1680.png,Lung_Opacity,1,0.2747699397388641,0.2749663096804478
Lung_Opacity/images/Lung_Opacity-1697.png,Lung_Opacity,1,0.3077204622444871,0.38418316022996046
Lung_Opacity/images/Lung_Opacity-1698.png,Lung_Opacity,1,0.152501474403069,0.4136018536322934
Lung_Opacity/images/Lung_Opacity-1715.png,Lung_Opacity,1,0.22931271737862507,0.2129682242130447
Lung_Opacity/images/Lung_Opacity-1720.png,Lung_Opacity,1,0.2591002315453471,0.2937478693577132
Lung_Opacity/images/Lung_Opacity-1734.png,Lung_Opacity,1,0.24157296052073504,0.34380291842567406
Lung_Opacity/images/Lung_Opacity-1737.png,Lung_Opacity,1,0.20933420464335087,0.36416428798164346
Lung_Opacity/images/Lung_Opacity-1739.png,Lung_Opacity,1,0.19286633540559406,0.30976279365297166
Lung_Opacity/images/Lung_Opacity-1740.png,Lung_Opacity,1,0.27489441452341384,0.3508033491204566
Lung_Opacity/images/Lung_Opacity-1742.png,Lung_Opacity,1,0.2742651749185593,0.24983200961637786
Lung_Opacity/images/Lung_Opacity-1770.png,Lung_Opacity,1,0.23748776035974775,0.3353479897089139
Lung_Opacity/images/Lung_Opacity-1772.png,Lung_Opacity,1,0.2950744593223552,0.3526010981926646
Lung_Opacity/images/Lung_Opacity-1785.png,Lung_Opacity,1,0.0934779297733601,0.10530962512634208
Lung_Opacity/images/Lung_Opacity-1787.png,Lung_Opacity,1,0.07700564435115789,0.4016200355811863
Lung_Opacity/images/Lung_Opacity-1793.png,Lung_Opacity,1,0.1593056840372119,0.21132660132187794
Lung_Opacity/images/Lung_Opacity-1797.png,Lung_Opacity,1,0.10839488150346045,0.26699554310290985
Lung_Opacity/images/Lung_Opacity-180.png,Lung_Opacity,1,0.4384298833096717,0.537966203697384
Lung_Opacity/images/Lung_Opacity-1800.png,Lung_Opacity,1,0.4001201762007843,0.3300829829503667
Lung_Opacity/images/Lung_Opacity-1810.png,Lung_Opacity,1,0.20919688133989203,0.29795770423359735
Lung_Opacity/images/Lung_Opacity-1818.png,Lung_Opacity,1,0.15001337081657723,0.1568749986012367
Lung_Opacity/images/Lung_Opacity-182.png,Lung_Opacity,1,0.23258831337509742,0.03365247153097496
Lung_Opacity/images/Lung_Opacity-1822.png,Lung_Opacity,1,0.36305694695139906,0.3599970404628432
Lung_Opacity/images/Lung_Opacity-1824.png,Lung_Opacity,1,0.38678250387231133,0.3953600285947392
Lung_Opacity/images/Lung_Opacity-1826.png,Lung_Opacity,1,0.28969901160040334,0.4289074276569886
Lung_Opacity/images/Lung_Opacity-1829.png,Lung_Opacity,1,0.5150869629892065,0.2877397483217184
Lung_Opacity/images/Lung_Opacity-1834.png,Lung_Opacity,1,0.23108317936947703,0.30531275087882986
Lung_Opacity/images/Lung_Opacity-1846.png,Lung_Opacity,1,0.2904361539323882,0.3590686633070539
Lung_Opacity/images/Lung_Opacity-1847.png,Lung_Opacity,1,0.09926098053585197,0.32903866076421
Lung_Opacity/images/Lung_Opacity-185.png,Lung_Opacity,1,0.2590525963855547,0.2637060143739593
Lung_Opacity/images/Lung_Opacity-1853.png,Lung_Opacity,1,0.35485851088750164,0.39958954926532636
Lung_Opacity/images/Lung_Opacity-1858.png,Lung_Opacity,1,0.2437843055051979,0.2975055815257228
Lung_Opacity/images/Lung_Opacity-186.png,Lung_Opacity,1,0.12209640154024654,0.27778650708453406
Lung_Opacity/images/Lung_Opacity-1875.png,Lung_Opacity,1,0.2874139201202869,0.2695581933498352
Lung_Opacity/images/Lung_Opacity-1880.png,Lung_Opacity,1,0.34404501238607005,0.38685070778318226
Lung_Opacity/images/Lung_Opacity-1890.png,Lung_Opacity,1,0.024454645870830256,0.29032859169569286
Lung_Opacity/images/Lung_Opacity-1891.png,Lung_Opacity,1,0.3245857358780367,0.22012011147711583
Lung_Opacity/images/Lung_Opacity-1899.png,Lung_Opacity,1,0.30047668411051714,0.37699997244639455
Lung_Opacity/images/Lung_Opacity-1901.png,Lung_Opacity,1,0.17229898186640974,0.5158230178044785
Lung_Opacity/images/Lung_Opacity-1904.png,Lung_Opacity,1,0.20102162398377144,0.504180055562233
Lung_Opacity/images/Lung_Opacity-1906.png,Lung_Opacity,1,0.4071699504838031,0.35957723840500866
Lung_Opacity/images/Lung_Opacity-1909.png,Lung_Opacity,1,0.18391659035191546,0.3082867140890671
Lung_Opacity/images/Lung_Opacity-1912.png,Lung_Opacity,1,0.37209496239568535,0.4397274311891946
Lung_Opacity/images/Lung_Opacity-1925.png,Lung_Opacity,1,0.2478192570033665,0.3151478185563364
Lung_Opacity/images/Lung_Opacity-1930.png,Lung_Opacity,1,0.23232152451595808,0.24277676348232372
Lung_Opacity/images/Lung_Opacity-1931.png,Lung_Opacity,1,0.2160490113205099,0.3836745118758297
Lung_Opacity/images/Lung_Opacity-1957.png,Lung_Opacity,1,0.11205964954869128,0.4108922227904892
Lung_Opacity/images/Lung_Opacity-196.png,Lung_Opacity,1,0.23330296390200073,0.2495179709922785
Lung_Opacity/images/Lung_Opacity-1974.png,Lung_Opacity,1,0.2362984483392198,0.26084728173188865
Lung_Opacity/images/Lung_Opacity-1976.png,Lung_Opacity,1,0.3010949613467454,0.29193452043353557
Lung_Opacity/images/Lung_Opacity-1979.png,Lung_Opacity,1,0.260201416984383,0.28266476781540906
Lung_Opacity/images/Lung_Opacity-1986.png,Lung_Opacity,1,0.18921941450593285,0.25417494392461454
Lung_Opacity/images/Lung_Opacity-1994.png,Lung_Opacity,1,0.09947298378066026,0.19083966075549352
Lung_Opacity/images/Lung_Opacity-1995.png,Lung_Opacity,1,0.35617742968758415,0.469980044213462
Lung_Opacity/images/Lung_Opacity-2000.png,Lung_Opacity,1,0.07714091110708066,0.273987509854184
Lung_Opacity/images/Lung_Opacity-2003.png,Lung_Opacity,1,0.2236305121305454,0.3641681960999859
Lung_Opacity/images/Lung_Opacity-2017.png,Lung_Opacity,1,0.2471405474692017,0.3214492957578704
Lung_Opacity/images/Lung_Opacity-202.png,Lung_Opacity,1,0.31867119090527335,0.3571709297219686
Lung_Opacity/images/Lung_Opacity-2021.png,Lung_Opacity,1,0.17877394014462886,0.29170147056682505
Lung_Opacity/images/Lung_Opacity-2034.png,Lung_Opacity,1,0.3313472076315398,0.3181789323245999
Lung_Opacity/images/Lung_Opacity-2049.png,Lung_Opacity,1,0.4901580351559838,0.4701082626019798
Lung_Opacity/images/Lung_Opacity-2064.png,Lung_Opacity,1,0.1831267136660457,0.17630142393256107
Lung_Opacity/images/Lung_Opacity-2093.png,Lung_Opacity,1,0.13420587983237048,0.2035810679868976
Lung_Opacity/images/Lung_Opacity-2100.png,Lung_Opacity,1,0.2932493379263809,0.23085959293000063
Lung_Opacity/images/Lung_Opacity-2104.png,Lung_Opacity,1,0.1781744183009417,0.2507078047314867
Lung_Opacity/images/Lung_Opacity-2107.png,Lung_Opacity,1,0.16911917566608198,0.32365506862164534
Lung_Opacity/images/Lung_Opacity-2129.png,Lung_Opacity,1,0.36547551715683496,0.3751890098334017
Lung_Opacity/images/Lung_Opacity-213.png,Lung_Opacity,1,0.22333576210377584,0.5086197901378299
Lung_Opacity/images/Lung_Opacity-2132.png,Lung_Opacity,1,0.25751694369641687,0.2306599115653668
Lung_Opacity/images/Lung_Opacity-2136.png,Lung_Opacity,1,0.18616066060463896,0.27775166819956165
Lung_Opacity/images/Lung_Opacity-2142.png,Lung_Opacity,1,0.4181495101554676,0.5579288449319125
Lung_Opacity/images/Lung_Opacity-2144.png,Lung_Opacity,1,0.18173549330264482,0.14097218115552118
Lung_Opacity/images/Lung_Opacity-215.png,Lung_Opacity,1,0.3992386027622604,0.40307934648074556
Lung_Opacity/images/Lung_Opacity-2153.png,Lung_Opacity,1,0.2959473283908599,0.3731092686011648
Lung_Opacity/images/Lung_Opacity-2159.png,Lung_Opacity,1,0.33160494705374643,0.40151863505943003
Lung_Opacity/images/Lung_Opacity-2162.png,Lung_Opacity,1,0.225081641113399,0.1098158481858443
Lung_Opacity/images/Lung_Opacity-2163.png,Lung_Opacity,1,0.2238079766346134,0.3479241648593321
Lung_Opacity/images/Lung_Opacity-2173.png,Lung_Opacity,1,0.2653384759999158,0.36786703059373715
Lung_Opacity/images/Lung_Opacity-2201.png,Lung_Opacity,1,0.3679417974581989,0.3825189977916059
Lung_Opacity/images/Lung_Opacity-2202.png,Lung_Opacity,1,0.3962836611226623,0.4600406319386134
Lung_Opacity/images/Lung_Opacity-2208.png,Lung_Opacity,1,0.18070776298049887,0.38895736637285094
Lung_Opacity/images/Lung_Opacity-2211.png,Lung_Opacity,1,0.3893491812103615,0.4970337574667267
Lung_Opacity/images/Lung_Opacity-2220.png,Lung_Opacity,1,0.20747213414048626,0.3551370815004765
Lung_Opacity/images/Lung_Opacity-2225.png,Lung_Opacity,1,0.31035663239582895,0.3505792350997806
Lung_Opacity/images/Lung_Opacity-2226.png,Lung_Opacity,1,0.24496351608699427,0.372052361603222
Lung_Opacity/images/Lung_Opacity-2247.png,Lung_Opacity,1,0.3124971953978866,0.27388886159656534
Lung_Opacity/images/Lung_Opacity-2250.png,Lung_Opacity,1,0.16837103572139744,0.3467429880866623
Lung_Opacity/images/Lung_Opacity-226.png,Lung_Opacity,1,0.17305694220714785,0.3074342197481565
Lung_Opacity/images/Lung_Opacity-2269.png,Lung_Opacity,1,0.1552064375744438,0.29943139682954145
Lung_Opacity/images/Lung_Opacity-2280.png,Lung_Opacity,1,0.161859341931925,0.21393594091032364
Lung_Opacity/images/Lung_Opacity-23.png,Lung_Opacity,1,0.2482792695770178,0.31478015883257954
Lung_Opacity/images/Lung_Opacity-2300.png,Lung_Opacity,1,0.11433785165723072,0.2442239661570862
Lung_Opacity/images/Lung_Opacity-2301.png,Lung_Opacity,1,0.2432707192813346,0.3506170523073255
Lung_Opacity/images/Lung_Opacity-2302.png,Lung_Opacity,1,0.22322430440839383,0.36415618751080797
Lung_Opacity/images/Lung_Opacity-2313.png,Lung_Opacity,1,0.05699412699244067,0.3039331436588792
Lung_Opacity/images/Lung_Opacity-2331.png,Lung_Opacity,1,0.2578399273484491,0.30613517693963727
Lung_Opacity/images/Lung_Opacity-2335.png,Lung_Opacity,1,0.17678336785728568,0.2397717916517759
Lung_Opacity/images/Lung_Opacity-2346.png,Lung_Opacity,1,0.2837492562957176,0.20898897291845892
Lung_Opacity/images/Lung_Opacity-2352.png,Lung_Opacity,1,0.18383445650211067,0.214130518744908
Lung_Opacity/images/Lung_Opacity-2364.png,Lung_Opacity,1,0.22186316842097062,0.31760042241802244
Lung_Opacity/images/Lung_Opacity-2366.png,Lung_Opacity,1,0.40994952786284317,0.536841297372702
Lung_Opacity/images/Lung_Opacity-2367.png,Lung_Opacity,1,0.2179808702150286,0.289741196976064
Lung_Opacity/images/Lung_Opacity-2370.png,Lung_Opacity,1,0.3446623819120839,0.20263947904215113
Lung_Opacity/images/Lung_Opacity-2372.png,Lung_Opacity,1,0.48899051068669297,0.38389851164093614
Lung_Opacity/images/Lung_Opacity-2383.png,Lung_Opacity,1,0.3353786238525552,0.333258120988138
Lung_Opacity/images/Lung_Opacity-2390.png,Lung_Opacity,1,0.5021174721255514,0.50499480970965
Lung_Opacity/images/Lung_Opacity-2395.png,Lung_Opacity,1,0.19341020622675673,0.20920009445309568
Lung_Opacity/images/Lung_Opacity-2396.png,Lung_Opacity,1,0.435527921115625,0.5091009426701346
Lung_Opacity/images/Lung_Opacity-2409.png,Lung_Opacity,1,0.35401928883536116,0.43283115568225394
Lung_Opacity/images/Lung_Opacity-2412.png,Lung_Opacity,1,0.23709604928088132,0.358273478020693
Lung_Opacity/images/Lung_Opacity-2413.png,Lung_Opacity,1,0.250944970342639,0.39614066469945974
Lung_Opacity/images/Lung_Opacity-2414.png,Lung_Opacity,1,0.2634422572782487,0.25834472466690256
Lung_Opacity/images/Lung_Opacity-2429.png,Lung_Opacity,1,0.22114091147246576,0.34282291027649076
Lung_Opacity/images/Lung_Opacity-2431.png,Lung_Opacity,1,0.20248263384507995,0.2920796076313617
Lung_Opacity/images/Lung_Opacity-2443.png,Lung_Opacity,1,0.3152594279450561,0.3857586457121678
Lung_Opacity/images/Lung_Opacity-2448.png,Lung_Opacity,1,0.20291459805521034,0.41208731443989355
Lung_Opacity/images/Lung_Opacity-2461.png,Lung_Opacity,1,0.2736512046692457,0.4066545351326775
Lung_Opacity/images/Lung_Opacity-2465.png,Lung_Opacity,1,0.2735973341042867,0.41192826350581335
Lung_Opacity/images/Lung_Opacity-2466.png,Lung_Opacity,1,0.26859789466141404,0.32938591546023804
Lung_Opacity/images/Lung_Opacity-2470.png,Lung_Opacity,1,0.19290271129012365,0.21526799978204875
Lung_Opacity/images/Lung_Opacity-2481.png,Lung_Opacity,1,0.19363974131342698,0.36614626413323664
Lung_Opacity/images/Lung_Opacity-2490.png,Lung_Opacity,1,0.31769707385179685,0.3791507388420436
Lung_Opacity/images/Lung_Opacity-2504.png,Lung_Opacity,1,0.2844056012752953,0.3601081164223144
Lung_Opacity/images/Lung_Opacity-2516.png,Lung_Opacity,1,0.397072591404597,0.4232340709642762
Lung_Opacity/images/Lung_Opacity-2527.png,Lung_Opacity,1,0.26040304511829304,0.3177122593828115
Lung_Opacity/images/Lung_Opacity-2529.png,Lung_Opacity,1,0.3846608980947419,0.33790804050430057
Lung_Opacity/images/Lung_Opacity-2550.png,Lung_Opacity,1,0.06409174696678238,0.24369081758266123
Lung_Opacity/images/Lung_Opacity-2573.png,Lung_Opacity,1,0.23627207202663492,0.2501661904836915
Lung_Opacity/images/Lung_Opacity-2575.png,Lung_Opacity,1,0.2788774380441012,0.3284145997400572
Lung_Opacity/images/Lung_Opacity-2576.png,Lung_Opacity,1,0.1963186415571292,0.2542834948613799
Lung_Opacity/images/Lung_Opacity-258.png,Lung_Opacity,1,0.20802569013041153,0.4569715484379357
Lung_Opacity/images/Lung_Opacity-2591.png,Lung_Opacity,1,0.5192724488540776,0.4566403317262515
Lung_Opacity/images/Lung_Opacity-2608.png,Lung_Opacity,1,0.3481295941069226,0.42361452355068835
Lung_Opacity/images/Lung_Opacity-2618.png,Lung_Opacity,1,0.23885999318467965,0.38067548209945556
Lung_Opacity/images/Lung_Opacity-2624.png,Lung_Opacity,1,0.08109041869208408,0.36429537637834
Lung_Opacity/images/Lung_Opacity-263.png,Lung_Opacity,1,0.47347178238326243,0.39033472777762096
Lung_Opacity/images/Lung_Opacity-2630.png,Lung_Opacity,1,0.22220838142012964,0.2759876146216589
Lung_Opacity/images/Lung_Opacity-2632.png,Lung_Opacity,1,0.25256675887589153,0.4223902233412235
Lung_Opacity/images/Lung_Opacity-2646.png,Lung_Opacity,1,0.43646964315743564,0.3853202117649061
Lung_Opacity/images/Lung_Opacity-2652.png,Lung_Opacity,1,0.11694861538847287,0.28425705059738576
Lung_Opacity/images/Lung_Opacity-2661.png,Lung_Opacity,1,0.25832294796516,0.3762740765902588
Lung_Opacity/images/Lung_Opacity-2662.png,Lung_Opacity,1,0.20668054049166562,0.4190126718276862
Lung_Opacity/images/Lung_Opacity-2663.png,Lung_Opacity,1,0.12337191942799043,0.15549071255418548
Lung_Opacity/images/Lung_Opacity-2669.png,Lung_Opacity,1,0.3355325604443552,0.38694543247000995
Lung_Opacity/images/Lung_Opacity-2670.png,Lung_Opacity,1,0.24159282446151803,0.33047076934432135
Lung_Opacity/images/Lung_Opacity-2685.png,Lung_Opacity,1,0.1345117661238497,0.3621082036855609
Lung_Opacity/images/Lung_Opacity-2686.png,Lung_Opacity,1,0.16074529273626428,0.20677294812357494
Lung_Opacity/images/Lung_Opacity-2690.png,Lung_Opacity,1,0.19291787295358173,0.27923818502617925
Lung_Opacity/images/Lung_Opacity-270.png,Lung_Opacity,1,0.316190410450369,0.31497197136149696
Lung_Opacity/images/Lung_Opacity-2715.png,Lung_Opacity,1,0.1831371896925289,0.35522233426302063
Lung_Opacity/images/Lung_Opacity-2719.png,Lung_Opacity,1,0.3043478942506548,0.30165752838942755
Lung_Opacity/images/Lung_Opacity-2720.png,Lung_Opacity,1,0.4969725974217548,0.48482755980788966
Lung_Opacity/images/Lung_Opacity-2727.png,Lung_Opacity,1,0.32592510442782036,0.39270177927395705
Lung_Opacity/images/Lung_Opacity-2730.png,Lung_Opacity,1,0.18685046011861756,0.3033832612495941
Lung_Opacity/images/Lung_Opacity-2744.png,Lung_Opacity,1,0.14959304679235802,0.2782400016914586
Lung_Opacity/images/Lung_Opacity-2748.png,Lung_Opacity,1,0.2230228681535969,0.26562584236479314
Lung_Opacity/images/Lung_Opacity-2750.png,Lung_Opacity,1,0.2782596763933886,0.3396583653147645
Lung_Opacity/images/Lung_Opacity-2764.png,Lung_Opacity,1,0.48113536145537794,0.3408409045272569
Lung_Opacity/images/Lung_Opacity-2772.png,Lung_Opacity,1,0.3827535448796191,0.32163973763391124
Lung_Opacity/images/Lung_Opacity-2777.png,Lung_Opacity,1,0.2465964254477157,0.2997639375063725
Lung_Opacity/images/Lung_Opacity-2779.png,Lung_Opacity,1,0.3555360748624881,0.4845739347807789
Lung_Opacity/images/Lung_Opacity-2787.png,Lung_Opacity,1,0.22819202054287246,0.17089286854704624
Lung_Opacity/images/Lung_Opacity-2788.png,Lung_Opacity,1,0.341735270862229,0.3420113001315202
Lung_Opacity/images/Lung_Opacity-2789.png,Lung_Opacity,1,0.2593807946422478,0.3313170525090236
Lung_Opacity/images/Lung_Opacity-2793.png,Lung_Opacity,1,0.2655215009471092,0.3562183139673026
Lung_Opacity/images/Lung_Opacity-2794.png,Lung_Opacity,1,0.3461654214427557,0.33884048025127494
Lung_Opacity/images/Lung_Opacity-2796.png,Lung_Opacity,1,0.2427049632481004,0.30907585077373123
Lung_Opacity/images/Lung_Opacity-2799.png,Lung_Opacity,1,0.4315637915725147,0.4037762595724813
Lung_Opacity/images/Lung_Opacity-2801.png,Lung_Opacity,1,0.26156303841304657,0.3303728607566358
Lung_Opacity/images/Lung_Opacity-2803.png,Lung_Opacity,1,0.19934644944100705,0.3194002523205154
Lung_Opacity/images/Lung_Opacity-2809.png,Lung_Opacity,1,0.26569044895801464,0.2875390429359202
Lung_Opacity/images/Lung_Opacity-2816.png,Lung_Opacity,1,0.08835772474132621,0.3222870315788894
Lung_Opacity/images/Lung_Opacity-2828.png,Lung_Opacity,1,0.3292970987072666,0.26537796310890405
Lung_Opacity/images/Lung_Opacity-2832.png,Lung_Opacity,1,0.19035127346842254,0.3904374842384195
Lung_Opacity/images/Lung_Opacity-2833.png,Lung_Opacity,1,0.2947849467870552,0.3070189452411394
Lung_Opacity/images/Lung_Opacity-2839.png,Lung_Opacity,1,0.09915599767052231,0.2230930008008924
Lung_Opacity/images/Lung_Opacity-2846.png,Lung_Opacity,1,0.07086131033047388,0.270729405675752
Lung_Opacity/images/Lung_Opacity-2857.png,Lung_Opacity,1,0.21934468262579226,0.3598203862066628
Lung_Opacity/images/Lung_Opacity-2877.png,Lung_Opacity,1,0.22529572125832822,0.43456935042203093
Lung_Opacity/images/Lung_Opacity-2883.png,Lung_Opacity,1,0.16135231655173396,0.262057788249193
Lung_Opacity/images/Lung_Opacity-2892.png,Lung_Opacity,1,0.16047447789227146,0.3902969085276166
Lung_Opacity/images/Lung_Opacity-2893.png,Lung_Opacity,1,0.25369093136299187,0.38613862511419916
Lung_Opacity/images/Lung_Opacity-2894.png,Lung_Opacity,1,0.17693133614166434,0.289004922623251
Lung_Opacity/images/Lung_Opacity-2904.png,Lung_Opacity,1,0.15896364036814928,0.14908814927941894
Lung_Opacity/images/Lung_Opacity-2907.png,Lung_Opacity,1,0.22915549425637913,0.17571399855129405
Lung_Opacity/images/Lung_Opacity-2935.png,Lung_Opacity,1,0.30562784722404523,0.3477671609242206
Lung_Opacity/images/Lung_Opacity-2937.png,Lung_Opacity,1,0.183881429485907,0.24217333912250188
Lung_Opacity/images/Lung_Opacity-2958.png,Lung_Opacity,1,0.2551937588528037,0.40493027973721907
Lung_Opacity/images/Lung_Opacity-2960.png,Lung_Opacity,1,0.23501296152104417,0.1876493585819174
Lung_Opacity/images/Lung_Opacity-2967.png,Lung_Opacity,1,0.3410135005125406,0.3597295103446282
Lung_Opacity/images/Lung_Opacity-2968.png,Lung_Opacity,1,0.540437801051405,0.5431117611550808
Lung_Opacity/images/Lung_Opacity-2975.png,Lung_Opacity,1,0.39772033928957434,0.4292781982523678
Lung_Opacity/images/Lung_Opacity-2981.png,Lung_Opacity,1,0.30274544457209934,0.34303008599992413
Lung_Opacity/images/Lung_Opacity-2983.png,Lung_Opacity,1,0.2767704889908726,0.42962001336840244
Lung_Opacity/images/Lung_Opacity-2986.png,Lung_Opacity,1,0.4465375275813362,0.495412653568792
Lung_Opacity/images/Lung_Opacity-2995.png,Lung_Opacity,1,0.24110426638265892,0.3382106438165268
Lung_Opacity/images/Lung_Opacity-2996.png,Lung_Opacity,1,0.30085858329403586,0.504884993693242
Lung_Opacity/images/Lung_Opacity-300.png,Lung_Opacity,1,0.3744510821812049,0.39183164047143726
Lung_Opacity/images/Lung_Opacity-3026.png,Lung_Opacity,1,0.40234904786689807,0.3137414325757694
Lung_Opacity/images/Lung_Opacity-303.png,Lung_Opacity,1,0.5712918094315321,0.5310806169396033
Lung_Opacity/images/Lung_Opacity-3054.png,Lung_Opacity,1,0.2092406159976552,0.35718897096742763
Lung_Opacity/images/Lung_Opacity-3061.png,Lung_Opacity,1,0.33944254798926204,0.43135906207035907
Lung_Opacity/images/Lung_Opacity-3063.png,Lung_Opacity,1,0.15247870802378916,0.36286801148875497
Lung_Opacity/images/Lung_Opacity-3064.png,Lung_Opacity,1,0.2687341365289676,0.2299651000982446
Lung_Opacity/images/Lung_Opacity-3073.png,Lung_Opacity,1,0.21687616413810462,0.3770988878737655
Lung_Opacity/images/Lung_Opacity-3076.png,Lung_Opacity,1,0.31192968435934826,0.3493934140719088
Lung_Opacity/images/Lung_Opacity-3079.png,Lung_Opacity,1,0.26454647144837706,0.35760312194767063
Lung_Opacity/images/Lung_Opacity-309.png,Lung_Opacity,1,0.26994597967927464,0.2819434617555259
Lung_Opacity/images/Lung_Opacity-3090.png,Lung_Opacity,1,0.2391935015763181,0.27069313486030455
Lung_Opacity/images/Lung_Opacity-3095.png,Lung_Opacity,1,0.15854936015743065,0.2508022063615875
Lung_Opacity/images/Lung_Opacity-3096.png,Lung_Opacity,1,0.20380733887212377,0.3379325298494025
Lung_Opacity/images/Lung_Opacity-31.png,Lung_Opacity,1,0.25854590291819285,0.29096824457581216
Lung_Opacity/images/Lung_Opacity-3103.png,Lung_Opacity,1,0.321907573292094,0.34584750396226976
Lung_Opacity/images/Lung_Opacity-3105.png,Lung_Opacity,1,0.17446622696307584,0.3395641936577245
Lung_Opacity/images/Lung_Opacity-3121.png,Lung_Opacity,1,0.1658296368386177,0.32724970410195736
Lung_Opacity/images/Lung_Opacity-3128.png,Lung_Opacity,1,0.4635233251427637,0.4245706208212858
Lung_Opacity/images/Lung_Opacity-3129.png,Lung_Opacity,1,0.21002374134023732,0.28048867565453367
Lung_Opacity/images/Lung_Opacity-313.png,Lung_Opacity,1,0.3408092768670856,0.3589311710391677
Lung_Opacity/images/Lung_Opacity-3130.png,Lung_Opacity,1,0.16654028156868148,0.312726831482012
Lung_Opacity/images/Lung_Opacity-3139.png,Lung_Opacity,1,0.3583021432237699,0.35458078645875973
Lung_Opacity/images/Lung_Opacity-3140.png,Lung_Opacity,1,0.20980658073320502,0.3009202359445488
Lung_Opacity/images/Lung_Opacity-3144.png,Lung_Opacity,1,0.25185567110260876,0.2513948439197617
Lung_Opacity/images/Lung_Opacity-3146.png,Lung_Opacity,1,0.2282643431865715,0.2081088974131348
Lung_Opacity/images/Lung_Opacity-3156.png,Lung_Opacity,1,0.2428888667450584,0.3212110476953918
Lung_Opacity/images/Lung_Opacity-316.png,Lung_Opacity,1,0.28392762040894837,0.363935730034061
Lung_Opacity/images/Lung_Opacity-3160.png,Lung_Opacity,1,0.25811587472514286,0.2843386513706637
Lung_Opacity/images/Lung_Opacity-3167.png,Lung_Opacity,1,0.2677818439557792,0.27252905615745776
Lung_Opacity/images/Lung_Opacity-3168.png,Lung_Opacity,1,0.1400753912661206,0.2758896888134474
Lung_Opacity/images/Lung_Opacity-3169.png,Lung_Opacity,1,0.3095795541050029,0.3806299366687299
Lung_Opacity/images/Lung_Opacity-3171.png,Lung_Opacity,1,0.24489123309098176,0.3182158922341709
Lung_Opacity/images/Lung_Opacity-3175.png,Lung_Opacity,1,0.2972258094347983,0.38395783809500716
Lung_Opacity/images/Lung_Opacity-3179.png,Lung_Opacity,1,0.20824807269200946,0.2608757646625366
Lung_Opacity/images/Lung_Opacity-3189.png,Lung_Opacity,1,0.24831513256838225,0.2676925785726085
Lung_Opacity/images/Lung_Opacity-3192.png,Lung_Opacity,1,0.14443082950888048,0.25683304773831656
Lung_Opacity/images/Lung_Opacity-3193.png,Lung_Opacity,1,0.12020710956964512,0.2714738314931526
Lung_Opacity/images/Lung_Opacity-3195.png,Lung_Opacity,1,0.33994321497191554,0.2989819277034542
Lung_Opacity/images/Lung_Opacity-3207.png,Lung_Opacity,1,0.14740068581812069,0.21848542206656987
Lung_Opacity/images/Lung_Opacity-3214.png,Lung_Opacity,1,0.4077668265197032,0.323965153035218
Lung_Opacity/images/Lung_Opacity-3219.png,Lung_Opacity,1,0.40370271871929364,0.5231580375583896
Lung_Opacity/images/Lung_Opacity-3226.png,Lung_Opacity,1,0.17320907748529182,0.4202538605652479
Lung_Opacity/images/Lung_Opacity-3228.png,Lung_Opacity,1,0.26705635740040334,0.27709550610109396
Lung_Opacity/images/Lung_Opacity-3232.png,Lung_Opacity,1,0.18892111874872397,0.3051891578533966
Lung_Opacity/images/Lung_Opacity-3252.png,Lung_Opacity,1,0.1776306765454646,0.3514595378173406
Lung_Opacity/images/Lung_Opacity-3254.png,Lung_Opacity,1,0.3945309587665664,0.22673468936388863
Lung_Opacity/images/Lung_Opacity-3257.png,Lung_Opacity,1,0.45706983243752813,0.49347157270034103
Lung_Opacity/images/Lung_Opacity-3259.png,Lung_Opacity,1,0.43998346283624346,0.41737770275685504
Lung_Opacity/images/Lung_Opacity-326.png,Lung_Opacity,1,0.29102571127950017,0.37800792474954975
Lung_Opacity/images/Lung_Opacity-3270.png,Lung_Opacity,1,0.31843874277380413,0.3506240255588149
Lung_Opacity/images/Lung_Opacity-3273.png,Lung_Opacity,1,0.3408118567082857,0.3600398082525019
Lung_Opacity/images/Lung_Opacity-3281.png,Lung_Opacity,1,0.2185204382695927,0.2734051257675906
Lung_Opacity/images/Lung_Opacity-3286.png,Lung_Opacity,1,0.16720625317060545,0.2676432995432785
Lung_Opacity/images/Lung_Opacity-3290.png,Lung_Opacity,1,0.09640540398957548,0.17075215062825422
Lung_Opacity/images/Lung_Opacity-3296.png,Lung_Opacity,1,0.2395522077723988,0.37179590397991186
Lung_Opacity/images/Lung_Opacity-3297.png,Lung_Opacity,1,0.41828962292478233,0.3906342550424596
Lung_Opacity/images/Lung_Opacity-3299.png,Lung_Opacity,1,0.2450067869312355,0.3761707996732602
Lung_Opacity/images/Lung_Opacity-33.png,Lung_Opacity,1,0.21267817574442505,0.18206018404428226
Lung_Opacity/images/Lung_Opacity-3301.png,Lung_Opacity,1,0.2994829450802866,0.5642535473590687
Lung_Opacity/images/Lung_Opacity-3303.png,Lung_Opacity,1,0.27182011768681064,0.35571929666083235
Lung_Opacity/images/Lung_Opacity-3316.png,Lung_Opacity,1,0.13107816332074906,0.23510024940620813
Lung_Opacity/images/Lung_Opacity-3323.png,Lung_Opacity,1,0.37851003069040307,0.36775584213624796
Lung_Opacity/images/Lung_Opacity-3327.png,Lung_Opacity,1,0.16664447395922513,0.28713267850433755
Lung_Opacity/images/Lung_Opacity-3333.png,Lung_Opacity,1,0.4019582332184221,0.3644456708717193
Lung_Opacity/images/Lung_Opacity-3335.png,Lung_Opacity,1,0.24305415285539772,0.3880624161920378
Lung_Opacity/images/Lung_Opacity-3339.png,Lung_Opacity,1,0.2573476585568099,0.2770013148260327
Lung_Opacity/images/Lung_Opacity-3344.png,Lung_Opacity,1,0.25403628036442494,0.40257602796122605
Lung_Opacity/images/Lung_Opacity-3345.png,Lung_Opacity,1,0.23643588368146465,0.32627797843283596
Lung_Opacity/images/Lung_Opacity-3348.png,Lung_Opacity,1,0.2182616471154601,0.2418772353907429
Lung_Opacity/images/Lung_Opacity-3355.png,Lung_Opacity,1,0.30432064950288285,0.43088739441970386
Lung_Opacity/images/Lung_Opacity-3360.png,Lung_Opacity,1,0.33570207232572213,0.43821007202233564
Lung_Opacity/images/Lung_Opacity-3375.png,Lung_Opacity,1,0.2335205900424685,0.45690566299765556
Lung_Opacity/images/Lung_Opacity-3377.png,Lung_Opacity,1,0.2748313770008763,0.3989901280852208
Lung_Opacity/images/Lung_Opacity-3383.png,Lung_Opacity,1,0.452631148683717,0.5678264093096059
Lung_Opacity/images/Lung_Opacity-3389.png,Lung_Opacity,1,0.1680098412100032,0.18625883290139905
Lung_Opacity/images/Lung_Opacity-339.png,Lung_Opacity,1,0.20341312240604761,0.24442830115008454
Lung_Opacity/images/Lung_Opacity-3391.png,Lung_Opacity,1,0.6028893515538661,0.6009118370162287
Lung_Opacity/images/Lung_Opacity-3393.png,Lung_Opacity,1,0.4677123155540491,0.4381388048077876
Lung_Opacity/images/Lung_Opacity-3394.png,Lung_Opacity,1,0.4008124557423566,0.43667095176951576
Lung_Opacity/images/Lung_Opacity-340.png,Lung_Opacity,1,0.2953710027256194,0.3553839289475731
Lung_Opacity/images/Lung_Opacity-3406.png,Lung_Opacity,1,0.2389096688265994,0.25496237455602133
Lung_Opacity/images/Lung_Opacity-341.png,Lung_Opacity,1,0.332353979883393,0.3097596130702482
Lung_Opacity/images/Lung_Opacity-3416.png,Lung_Opacity,1,0.3765816396675399,0.3766130708451233
Lung_Opacity/images/Lung_Opacity-342.png,Lung_Opacity,1,0.38049944922263623,0.3850457394169985
Lung_Opacity/images/Lung_Opacity-3423.png,Lung_Opacity,1,0.3148899478524487,0.40151292105032355
Lung_Opacity/images/Lung_Opacity-3425.png,Lung_Opacity,1,0.16421596794257418,0.47803660830032546
Lung_Opacity/images/Lung_Opacity-3429.png,Lung_Opacity,1,0.16351814814915006,0.20027407360789026
Lung_Opacity/images/Lung_Opacity-3432.png,Lung_Opacity,1,0.3064843320307242,0.36114392936813167
Lung_Opacity/images/Lung_Opacity-3451.png,Lung_Opacity,1,0.0477719318925776,0.2895179531479141
Lung_Opacity/images/Lung_Opacity-3468.png,Lung_Opacity,1,0.15041731866052194,0.48338513036350717
Lung_Opacity/images/Lung_Opacity-3470.png,Lung_Opacity,1,0.2127823371476361,0.20146734116731688
Lung_Opacity/images/Lung_Opacity-3486.png,Lung_Opacity,1,0.3550705741222194,0.2991201344451609
Lung_Opacity/images/Lung_Opacity-3487.png,Lung_Opacity,1,0.2900112929993769,0.3701130459674152
Lung_Opacity/images/Lung_Opacity-349.png,Lung_Opacity,1,0.19311007725183849,0.32559389207645156
Lung_Opacity/images/Lung_Opacity-3495.png,Lung_Opacity,1,0.44484702290804995,0.47207421544957584
Lung_Opacity/images/Lung_Opacity-3496.png,Lung_Opacity,1,0.4513130693891686,0.4942001370778212
Lung_Opacity/images/Lung_Opacity-3502.png,Lung_Opacity,1,0.29736432517393346,0.22756508841832135
Lung_Opacity/images/Lung_Opacity-3503.png,Lung_Opacity,1,0.26429024017046665,0.263575598974536
Lung_Opacity/images/Lung_Opacity-3504.png,Lung_Opacity,1,0.08725442751698441,0.4209686831976014
Lung_Opacity/images/Lung_Opacity-3505.png,Lung_Opacity,1,0.3125434554312172,0.27225887032703194
Lung_Opacity/images/Lung_Opacity-3506.png,Lung_Opacity,1,0.08468275196069268,0.3453339245425486
Lung_Opacity/images/Lung_Opacity-3508.png,Lung_Opacity,1,0.24462061542677827,0.38095623047094346
Lung_Opacity/images/Lung_Opacity-3509.png,Lung_Opacity,1,0.27073339255826256,0.3867081849415521
Lung_Opacity/images/Lung_Opacity-3521.png,Lung_Opacity,1,0.04275608574419588,0.34063348560547674
Lung_Opacity/images/Lung_Opacity-3522.png,Lung_Opacity,1,0.22092035165063684,0.41543838411489914
Lung_Opacity/images/Lung_Opacity-3523.png,Lung_Opacity,1,0.14333423793088038,0.3166903373227956
Lung_Opacity/images/Lung_Opacity-3534.png,Lung_Opacity,1,0.20090692371519808,0.2246992884839706
Lung_Opacity/images/Lung_Opacity-3547.png,Lung_Opacity,1,0.3146485472832618,0.33100787613628924
Lung_Opacity/images/Lung_Opacity-3558.png,Lung_Opacity,1,0.2232652757571108,0.2265074637028207
Lung_Opacity/images/Lung_Opacity-356.png,Lung_Opacity,1,0.3034109574518779,0.2103993013218042
Lung_Opacity/images/Lung_Opacity-3564.png,Lung_Opacity,1,0.11204807300520007,0.3860415818425422
Lung_Opacity/images/Lung_Opacity-3576.png,Lung_Opacity,1,0.28592020383688854,0.47046507732357334
Lung_Opacity/images/Lung_Opacity-3579.png,Lung_Opacity,1,0.16315963803409483,0.22772847148545336
Lung_Opacity/images/Lung_Opacity-3584.png,Lung_Opacity,1,0.11710851431329361,0.2162065456712625
Lung_Opacity/images/Lung_Opacity-3589.png,Lung_Opacity,1,0.24728188939206308,0.43711212786725984
Lung_Opacity/images/Lung_Opacity-3600.png,Lung_Opacity,1,0.1841416048703559,0.2828923922141795
Lung_Opacity/images/Lung_Opacity-3601.png,Lung_Opacity,1,0.20128602231434947,0.19301224633636027
Lung_Opacity/images/Lung_Opacity-3604.png,Lung_Opacity,1,0.23442640027699946,0.4937974109584867
Lung_Opacity/images/Lung_Opacity-3605.png,Lung_Opacity,1,0.19552808601468116,0.11890457331497335
Lung_Opacity/images/Lung_Opacity-3610.png,Lung_Opacity,1,0.2526886621807379,0.3454868122326501
Lung_Opacity/images/Lung_Opacity-3612.png,Lung_Opacity,1,0.4378253269694704,0.41769745878540004
Lung_Opacity/images/Lung_Opacity-362.png,Lung_Opacity,1,0.22835135251449232,0.33494831794838353
Lung_Opacity/images/Lung_Opacity-3622.png,Lung_Opacity,1,0.45281163096465715,0.3029083404991225
Lung_Opacity/images/Lung_Opacity-363.png,Lung_Opacity,1,0.2081223511237241,0.30460556048852183
Lung_Opacity/images/Lung_Opacity-3630.png,Lung_Opacity,1,0.1243829716402561,0.2353110222215473
Lung_Opacity/images/Lung_Opacity-3631.png,Lung_Opacity,1,0.1323542545814725,0.3549576544663783
Lung_Opacity/images/Lung_Opacity-3634.png,Lung_Opacity,1,0.2685244794865297,0.33030380593630304
Lung_Opacity/images/Lung_Opacity-364.png,Lung_Opacity,1,0.22372889289293885,0.27345692431794894
Lung_Opacity/images/Lung_Opacity-3642.png,Lung_Opacity,1,0.5125360199060657,0.47478247796193696
Lung_Opacity/images/Lung_Opacity-3647.png,Lung_Opacity,1,0.34069763814579346,0.39769200374950187
Lung_Opacity/images/Lung_Opacity-3650.png,Lung_Opacity,1,0.30889841732409357,0.3469482499657124
Lung_Opacity/images/Lung_Opacity-3655.png,Lung_Opacity,1,0.26599205640776896,0.3293338458781605
Lung_Opacity/images/Lung_Opacity-3657.png,Lung_Opacity,1,0.3283105544383514,0.4268892481408906
Lung_Opacity/images/Lung_Opacity-3664.png,Lung_Opacity,1,0.2798374971844728,0.36391397077791743
Lung_Opacity/images/Lung_Opacity-3665.png,Lung_Opacity,1,0.23785090791564545,0.2660136167196663
Lung_Opacity/images/Lung_Opacity-3667.png,Lung_Opacity,1,0.26673985087626334,0.38690957036539037
Lung_Opacity/images/Lung_Opacity-3669.png,Lung_Opacity,1,0.22325738357286518,0.27578951527322704
Lung_Opacity/images/Lung_Opacity-367.png,Lung_Opacity,1,0.4315659383497151,0.3948898989266495
Lung_Opacity/images/Lung_Opacity-3679.png,Lung_Opacity,1,0.2926994380573076,0.28178099763560144
Lung_Opacity/images/Lung_Opacity-3680.png,Lung_Opacity,1,0.24204367499759524,0.2850465154584624
Lung_Opacity/images/Lung_Opacity-3693.png,Lung_Opacity,1,0.26965710147986277,0.2670379218384445
Lung_Opacity/images/Lung_Opacity-3694.png,Lung_Opacity,1,0.26415595383405255,0.3564377555221547
Lung_Opacity/images/Lung_Opacity-3708.png,Lung_Opacity,1,0.2655040781412834,0.3016433700455633
Lung_Opacity/images/Lung_Opacity-376.png,Lung_Opacity,1,0.2503575161282664,0.3896860221220214
Lung_Opacity/images/Lung_Opacity-3764.png,Lung_Opacity,1,0.1699546460704946,0.2619367213577532
Lung_Opacity/images/Lung_Opacity-3765.png,Lung_Opacity,1,0.13386790694585446,0.2757154335449446
Lung_Opacity/images/Lung_Opacity-3766.png,Lung_Opacity,1,0.20629923188977906,0.370224004358965
Lung_Opacity/images/Lung_Opacity-3768.png,Lung_Opacity,1,0.10065665221029935,0.31272462681940133
Lung_Opacity/images/Lung_Opacity-378.png,Lung_Opacity,1,0.23596967926947685,0.3868388773449345
Lung_Opacity/images/Lung_Opacity-3783.png,Lung_Opacity,1,0.32213773735036433,0.29981277161439396
Lung_Opacity/images/Lung_Opacity-3792.png,Lung_Opacity,1,0.23586466520528115,0.2406564943872065
Lung_Opacity/images/Lung_Opacity-3800.png,Lung_Opacity,1,0.1949210979948495,0.4329567416685765
Lung_Opacity/images/Lung_Opacity-3821.png,Lung_Opacity,1,0.021687967548187387,0.0781161108821578
Lung_Opacity/images/Lung_Opacity-3840.png,Lung_Opacity,1,0.18571733474880903,0.2690420961849829
Lung_Opacity/images/Lung_Opacity-3847.png,Lung_Opacity,1,0.46527421755142545,0.45648045946623267
Lung_Opacity/images/Lung_Opacity-385.png,Lung_Opacity,1,0.20427659073792598,0.4316937726259693
Lung_Opacity/images/Lung_Opacity-3850.png,Lung_Opacity,1,0.16527196556255,0.27669625306625867
Lung_Opacity/images/Lung_Opacity-3853.png,Lung_Opacity,1,0.15642342310816315,0.34637070434758194
Lung_Opacity/images/Lung_Opacity-3855.png,Lung_Opacity,1,0.1522485215871391,0.4039296375783114
Lung_Opacity/images/Lung_Opacity-3859.png,Lung_Opacity,1,0.2335764462941924,0.3444625442785298
Lung_Opacity/images/Lung_Opacity-3861.png,Lung_Opacity,1,0.11428437679233568,0.24103282689689723
Lung_Opacity/images/Lung_Opacity-3864.png,Lung_Opacity,1,0.42328069703759696,0.24182920549803896
Lung_Opacity/images/Lung_Opacity-3871.png,Lung_Opacity,1,0.41750507316410235,0.3961729835099052
Lung_Opacity/images/Lung_Opacity-3873.png,Lung_Opacity,1,0.33919297038310264,0.38359646966569916
Lung_Opacity/images/Lung_Opacity-3876.png,Lung_Opacity,1,0.22632765906480606,0.17898196613430428
Lung_Opacity/images/Lung_Opacity-3877.png,Lung_Opacity,1,0.2622177507728091,0.3793721382979591
Lung_Opacity/images/Lung_Opacity-3878.png,Lung_Opacity,1,0.31984042262732587,0.4474145632570705
Lung_Opacity/images/Lung_Opacity-3890.png,Lung_Opacity,1,0.33558749839714275,0.3965385510516792
Lung_Opacity/images/Lung_Opacity-3892.png,Lung_Opacity,1,0.2914358466659564,0.28017692801019584
Lung_Opacity/images/Lung_Opacity-3894.png,Lung_Opacity,1,0.17460386889689275,0.38196488670668
Lung_Opacity/images/Lung_Opacity-3895.png,Lung_Opacity,1,0.4035550612301001,0.44224722188018806
Lung_Opacity/images/Lung_Opacity-3896.png,Lung_Opacity,1,0.17550596417912448,0.23346403719505465
Lung_Opacity/images/Lung_Opacity-3898.png,Lung_Opacity,1,0.474088164485982,0.5776770297038039
Lung_Opacity/images/Lung_Opacity-3903.png,Lung_Opacity,1,0.22907647499802014,0.32579619145013705
Lung_Opacity/images/Lung_Opacity-3915.png,Lung_Opacity,1,0.2212863953629451,0.3176609607830955
Lung_Opacity/images/Lung_Opacity-3929.png,Lung_Opacity,1,0.2526446363138594,0.2597776426146681
Lung_Opacity/images/Lung_Opacity-3931.png,Lung_Opacity,1,0.4893048161598916,0.6057018135032884
Lung_Opacity/images/Lung_Opacity-3935.png,Lung_Opacity,1,0.22647452910718227,0.2935458944495132
Lung_Opacity/images/Lung_Opacity-3942.png,Lung_Opacity,1,0.10357973457710144,0.33825707734001775
Lung_Opacity/images/Lung_Opacity-395.png,Lung_Opacity,1,0.2356652246033887,0.3065391899006992
Lung_Opacity/images/Lung_Opacity-3956.png,Lung_Opacity,1,0.5848482899734646,0.44191085492110416
Lung_Opacity/images/Lung_Opacity-396.png,Lung_Opacity,1,0.15163712460125264,0.3735768814812821
Lung_Opacity/images/Lung_Opacity-3963.png,Lung_Opacity,1,0.36718375136649395,0.3615547224021566
Lung_Opacity/images/Lung_Opacity-3970.png,Lung_Opacity,1,0.22803259947675647,0.3857415973683053
Lung_Opacity/images/Lung_Opacity-3972.png,Lung_Opacity,1,0.3356471218938817,0.33391282277973067
Lung_Opacity/images/Lung_Opacity-3979.png,Lung_Opacity,1,0.2555992436287689,0.2403726894774283
Lung_Opacity/images/Lung_Opacity-3990.png,Lung_Opacity,1,0.1353009385145582,0.3434518230118994
Lung_Opacity/images/Lung_Opacity-4006.png,Lung_Opacity,1,0.05659186962017898,0.15074555054215943
Lung_Opacity/images/Lung_Opacity-4017.png,Lung_Opacity,1,0.17183228426508382,0.325907871921159
Lung_Opacity/images/Lung_Opacity-402.png,Lung_Opacity,1,0.14596657955869108,0.25553146293309154
Lung_Opacity/images/Lung_Opacity-4022.png,Lung_Opacity,1,0.012820085661574101,0.2233252389916925
Lung_Opacity/images/Lung_Opacity-4024.png,Lung_Opacity,1,0.43188349544809196,0.4006047380383202
Lung_Opacity/images/Lung_Opacity-4025.png,Lung_Opacity,1,0.24391976529484274,0.24633451916213434
Lung_Opacity/images/Lung_Opacity-4028.png,Lung_Opacity,1,0.11570815518833195,0.20319902281287655
Lung_Opacity/images/Lung_Opacity-4034.png,Lung_Opacity,1,0.20832678811870517,0.4733354065364935
Lung_Opacity/images/Lung_Opacity-4035.png,Lung_Opacity,1,0.24250930269385262,0.37870030274874245
Lung_Opacity/images/Lung_Opacity-4046.png,Lung_Opacity,1,0.213687322619608,0.2219975331722068
Lung_Opacity/images/Lung_Opacity-405.png,Lung_Opacity,1,0.271114170937537,0.444003612548161
Lung_Opacity/images/Lung_Opacity-4057.png,Lung_Opacity,1,0.19995418029848522,0.15717505619128366
Lung_Opacity/images/Lung_Opacity-4064.png,Lung_Opacity,1,0.3855939181738367,0.45033399761156323
Lung_Opacity/images/Lung_Opacity-4065.png,Lung_Opacity,1,0.26354842755066366,0.33746436335235525
Lung_Opacity/images/Lung_Opacity-4071.png,Lung_Opacity,1,0.18653283069366042,0.10972516118867069
Lung_Opacity/images/Lung_Opacity-4087.png,Lung_Opacity,1,0.13298684614439774,0.472382073128806
Lung_Opacity/images/Lung_Opacity-4090.png,Lung_Opacity,1,0.29008925817906733,0.39685664031430845
Lung_Opacity/images/Lung_Opacity-4094.png,Lung_Opacity,1,0.3712435306311611,0.392151655970282
Lung_Opacity/images/Lung_Opacity-4103.png,Lung_Opacity,1,0.23435363829134054,0.2286591874042175
Lung_Opacity/images/Lung_Opacity-4106.png,Lung_Opacity,1,0.35034395746928987,0.4627090997259766
Lung_Opacity/images/Lung_Opacity-4114.png,Lung_Opacity,1,0.06438615670816134,0.28458186765719784
Lung_Opacity/images/Lung_Opacity-4125.png,Lung_Opacity,1,0.14435330737287685,0.32638654743855827
Lung_Opacity/images/Lung_Opacity-4126.png,Lung_Opacity,1,0.34013841275116374,0.338200476333935
Lung_Opacity/images/Lung_Opacity-4128.png,Lung_Opacity,1,0.268744584711496,0.2685236477531955
Lung_Opacity/images/Lung_Opacity-4133.png,Lung_Opacity,1,0.2475186186238764,0.3321883117513609
Lung_Opacity/images/Lung_Opacity-4134.png,Lung_Opacity,1,0.3228705389170907,0.32194088360444
Lung_Opacity/images/Lung_Opacity-4143.png,Lung_Opacity,1,0.24691416427831972,0.3296906491289316
Lung_Opacity/images/Lung_Opacity-4148.png,Lung_Opacity,1,0.1776573262862062,0.21497779901891984
Lung_Opacity/images/Lung_Opacity-416.png,Lung_Opacity,1,0.16827271222347406,0.3045413847510342
Lung_Opacity/images/Lung_Opacity-4163.png,Lung_Opacity,1,0.12379611399468399,0.15547627555327626
Lung_Opacity/images/Lung_Opacity-4168.png,Lung_Opacity,1,0.16083067403465648,0.24228460831654247
Lung_Opacity/images/Lung_Opacity-4184.png,Lung_Opacity,1,0.17037840304623272,0.4280570610170339
Lung_Opacity/images/Lung_Opacity-419.png,Lung_Opacity,1,0.2896829604354225,0.47523106484986727
Lung_Opacity/images/Lung_Opacity-4198.png,Lung_Opacity,1,0.3708414916807152,0.3807689398623903
Lung_Opacity/images/Lung_Opacity-4201.png,Lung_Opacity,1,0.3062357816088049,0.2632705556784458
Lung_Opacity/images/Lung_Opacity-4202.png,Lung_Opacity,1,0.34645268028156295,0.3429862621196778
Lung_Opacity/images/Lung_Opacity-4205.png,Lung_Opacity,1,0.30177139369266803,0.35495178929596494
Lung_Opacity/images/Lung_Opacity-4217.png,Lung_Opacity,1,0.21880782273855653,0.2834073614054119
Lung_Opacity/images/Lung_Opacity-4220.png,Lung_Opacity,1,0.12002854606888964,0.3965434073061799
Lung_Opacity/images/Lung_Opacity-4227.png,Lung_Opacity,1,0.21808115901902408,0.26866515024540183
Lung_Opacity/images/Lung_Opacity-4242.png,Lung_Opacity,1,0.2625614866842623,0.25241192687639924
Lung_Opacity/images/Lung_Opacity-4244.png,Lung_Opacity,1,0.20798803443079497,0.4127782125841557
Lung_Opacity/images/Lung_Opacity-4249.png,Lung_Opacity,1,0.23717680363227128,0.31567984771604635
Lung_Opacity/images/Lung_Opacity-4256.png,Lung_Opacity,1,0.1112427716402911,0.32592602900731577
Lung_Opacity/images/Lung_Opacity-4277.png,Lung_Opacity,1,0.23668973234316548,0.2977321902338707
Lung_Opacity/images/Lung_Opacity-4289.png,Lung_Opacity,1,0.1377143679858479,0.5319530876422395
Lung_Opacity/images/Lung_Opacity-4296.png,Lung_Opacity,1,0.5093976794756871,0.37079391360631236
Lung_Opacity/images/Lung_Opacity-43.png,Lung_Opacity,1,0.43475954337801365,0.34803207090203814
Lung_Opacity/images/Lung_Opacity-4302.png,Lung_Opacity,1,0.2029591593667649,0.32829408900244855
Lung_Opacity/images/Lung_Opacity-4303.png,Lung_Opacity,1,0.24396746123758586,0.3410963192738881
Lung_Opacity/images/Lung_Opacity-4305.png,Lung_Opacity,1,0.2733977726938314,0.35718182826924205
Lung_Opacity/images/Lung_Opacity-4307.png,Lung_Opacity,1,0.29726841685055383,0.32386990271536165
Lung_Opacity/images/Lung_Opacity-4311.png,Lung_Opacity,1,0.13308217822554502,0.2637862388066414
Lung_Opacity/images/Lung_Opacity-4312.png,Lung_Opacity,1,0.16297875057671374,0.29489795170762306
Lung_Opacity/images/Lung_Opacity-4326.png,Lung_Opacity,1,0.4044610877743891,0.36858977194549647
Lung_Opacity/images/Lung_Opacity-433.png,Lung_Opacity,1,0.1398938780325086,0.2393693476362289
Lung_Opacity/images/Lung_Opacity-4337.png,Lung_Opacity,1,0.2716761894132762,0.44498060401647443
Lung_Opacity/images/Lung_Opacity-4340.png,Lung_Opacity,1,0.23201032765639473,0.3494883602099035
Lung_Opacity/images/Lung_Opacity-4352.png,Lung_Opacity,1,0.15811283148234762,0.2447122113137509
Lung_Opacity/images/Lung_Opacity-4360.png,Lung_Opacity,1,0.338807681735179,0.2803835139749342
Lung_Opacity/images/Lung_Opacity-4372.png,Lung_Opacity,1,0.29851622460642163,0.5580463632739081
Lung_Opacity/images/Lung_Opacity-4376.png,Lung_Opacity,1,0.30956318089774376,0.445075324433886
Lung_Opacity/images/Lung_Opacity-4380.png,Lung_Opacity,1,0.18877718695766804,0.17955920562063457
Lung_Opacity/images/Lung_Opacity-4381.png,Lung_Opacity,1,0.25244915516713196,0.35512517987235587
Lung_Opacity/images/Lung_Opacity-4392.png,Lung_Opacity,1,0.26322289320951675,0.27132035343827476
Lung_Opacity/images/Lung_Opacity-4406.png,Lung_Opacity,1,0.428255603507271,0.4326289089000086
Lung_Opacity/images/Lung_Opacity-4410.png,Lung_Opacity,1,0.06830670065820131,0.23644551625217108
Lung_Opacity/images/Lung_Opacity-4419.png,Lung_Opacity,1,0.19322727242273127,0.23415804146552693
Lung_Opacity/images/Lung_Opacity-442.png,Lung_Opacity,1,0.1370546979313967,0.4662210355260523
Lung_Opacity/images/Lung_Opacity-4420.png,Lung_Opacity,1,0.18358647823519567,0.23004671228676035
Lung_Opacity/images/Lung_Opacity-4423.png,Lung_Opacity,1,0.228130088161491,0.19873725312405358
Lung_Opacity/images/Lung_Opacity-4424.png,Lung_Opacity,1,0.31599923136737873,0.23031638697601087
Lung_Opacity/images/Lung_Opacity-4438.png,Lung_Opacity,1,0.21624835567206485,0.43639563419953
Lung_Opacity/images/Lung_Opacity-4440.png,Lung_Opacity,1,0.31801711192681775,0.36265727544864046
Lung_Opacity/images/Lung_Opacity-4448.png,Lung_Opacity,1,0.0903802283484172,0.37279629122543284
Lung_Opacity/images/Lung_Opacity-4461.png,Lung_Opacity,1,0.1303606604972162,0.10568473624904592
Lung_Opacity/images/Lung_Opacity-4463.png,Lung_Opacity,1,0.3195959134216551,0.20471592754917003
Lung_Opacity/images/Lung_Opacity-4465.png,Lung_Opacity,1,0.21107381727157795,0.16631407798324913
Lung_Opacity/images/Lung_Opacity-4468.png,Lung_Opacity,1,0.4016944295160674,0.319749449922502
Lung_Opacity/images/Lung_Opacity-447.png,Lung_Opacity,1,0.06715185429742303,0.3587612917779157
Lung_Opacity/images/Lung_Opacity-4471.png,Lung_Opacity,1,0.19302387727052983,0.33349078491463346
Lung_Opacity/images/Lung_Opacity-4478.png,Lung_Opacity,1,0.306568109122913,0.4630047093477923
Lung_Opacity/images/Lung_Opacity-4489.png,Lung_Opacity,1,0.44403313899575464,0.48339513859627037
Lung_Opacity/images/Lung_Opacity-449.png,Lung_Opacity,1,0.006156499650462587,0.2591221195906071
Lung_Opacity/images/Lung_Opacity-4502.png,Lung_Opacity,1,0.26702317905961703,0.3629868658545359
Lung_Opacity/images/Lung_Opacity-4505.png,Lung_Opacity,1,0.2478145480107147,0.2271022903098652
Lung_Opacity/images/Lung_Opacity-4514.png,Lung_Opacity,1,0.4576603904746563,0.4181171190613782
Lung_Opacity/images/Lung_Opacity-4515.png,Lung_Opacity,1,0.21595086386955514,0.42435066844728797
Lung_Opacity/images/Lung_Opacity-4516.png,Lung_Opacity,1,0.178243400159628,0.3095713021630701
Lung_Opacity/images/Lung_Opacity-4522.png,Lung_Opacity,1,0.31711011189290095,0.33488506773162063
Lung_Opacity/images/Lung_Opacity-4527.png,Lung_Opacity,1,0.12591411174147926,0.3622784431015105
Lung_Opacity/images/Lung_Opacity-4529.png,Lung_Opacity,1,0.3348024434141586,0.27453842344772117
Lung_Opacity/images/Lung_Opacity-4530.png,Lung_Opacity,1,0.22361204687814915,0.38444086483364015
Lung_Opacity/images/Lung_Opacity-4538.png,Lung_Opacity,1,0.22564579450313968,0.42872593100064726
Lung_Opacity/images/Lung_Opacity-4545.png,Lung_Opacity,1,0.16598881899870546,0.3031398326768498
Lung_Opacity/images/Lung_Opacity-4558.png,Lung_Opacity,1,0.29734420999650185,0.4396924814309445
Lung_Opacity/images/Lung_Opacity-4564.png,Lung_Opacity,1,0.07977426862403512,0.409584013850124
Lung_Opacity/images/Lung_Opacity-4565.png,Lung_Opacity,1,0.17459849393867785,0.3536445011144583
Lung_Opacity/images/Lung_Opacity-4570.png,Lung_Opacity,1,0.31420937485646216,0.4244411758049508
Lung_Opacity/images/Lung_Opacity-4572.png,Lung_Opacity,1,0.20357991950649723,0.3233692021747869
Lung_Opacity/images/Lung_Opacity-4578.png,Lung_Opacity,1,0.21180051307874326,0.33306068286405327
Lung_Opacity/images/Lung_Opacity-4583.png,Lung_Opacity,1,0.16687626668588068,0.3636605415735993
Lung_Opacity/images/Lung_Opacity-4596.png,Lung_Opacity,1,0.2668013829401796,0.31643705081485024
Lung_Opacity/images/Lung_Opacity-4606.png,Lung_Opacity,1,0.30427407235245,0.24832635578101506
Lung_Opacity/images/Lung_Opacity-4612.png,Lung_Opacity,1,0.16806944162467685,0.2602494662081635
Lung_Opacity/images/Lung_Opacity-4621.png,Lung_Opacity,1,0.5497457547204014,0.5849715976389214
Lung_Opacity/images/Lung_Opacity-4623.png,Lung_Opacity,1,0.3266882912547321,0.35856403852850294
Lung_Opacity/images/Lung_Opacity-463.png,Lung_Opacity,1,0.13406180608696985,0.3748334533936528
Lung_Opacity/images/Lung_Opacity-4632.png,Lung_Opacity,1,0.3692350336363755,0.3706769014958925
Lung_Opacity/images/Lung_Opacity-464.png,Lung_Opacity,1,0.3131571129123394,0.5269784540051002
Lung_Opacity/images/Lung_Opacity-4652.png,Lung_Opacity,1,0.22805198664742438,0.3348044291134013
Lung_Opacity/images/Lung_Opacity-4665.png,Lung_Opacity,1,0.2893101319867906,0.27673808343482015
Lung_Opacity/images/Lung_Opacity-4677.png,Lung_Opacity,1,0.3964881074395924,0.4158334267579724
Lung_Opacity/images/Lung_Opacity-4701.png,Lung_Opacity,1,0.21480968537148512,0.38852474824582767
Lung_Opacity/images/Lung_Opacity-4704.png,Lung_Opacity,1,0.24791960569690738,0.39548264451300774
Lung_Opacity/images/Lung_Opacity-4705.png,Lung_Opacity,1,0.05619054143394485,0.44605255175146236
Lung_Opacity/images/Lung_Opacity-4707.png,Lung_Opacity,1,0.24692490048743593,0.28452235402794146
Lung_Opacity/images/Lung_Opacity-4717.png,Lung_Opacity,1,0.1490587051595861,0.10827901652845735
Lung_Opacity/images/Lung_Opacity-472.png,Lung_Opacity,1,0.0643856451806226,0.36407605785775266
Lung_Opacity/images/Lung_Opacity-4720.png,Lung_Opacity,1,0.05528333002155669,0.2024791634413704
Lung_Opacity/images/Lung_Opacity-473.png,Lung_Opacity,1,0.3468896915224689,0.3822069125167758
Lung_Opacity/images/Lung_Opacity-4743.png,Lung_Opacity,1,0.1227795921704954,0.5444065664743946
Lung_Opacity/images/Lung_Opacity-4747.png,Lung_Opacity,1,0.20748510990720784,0.36751849930695135
Lung_Opacity/images/Lung_Opacity-4750.png,Lung_Opacity,1,0.14043141775242804,0.1460474843297541
Lung_Opacity/images/Lung_Opacity-4754.png,Lung_Opacity,1,0.2321978167135183,0.2751521188695947
Lung_Opacity/images/Lung_Opacity-4759.png,Lung_Opacity,1,0.1881115206300138,0.2682448621117517
Lung_Opacity/images/Lung_Opacity-4779.png,Lung_Opacity,1,0.32862598463469284,0.3241630292525919
Lung_Opacity/images/Lung_Opacity-478.png,Lung_Opacity,1,0.3515559371506358,0.37934666110744464
Lung_Opacity/images/Lung_Opacity-4783.png,Lung_Opacity,1,0.15027674173779784,0.28302535943740703
Lung_Opacity/images/Lung_Opacity-4808.png,Lung_Opacity,1,0.2870674060231366,0.35031405996826115
Lung_Opacity/images/Lung_Opacity-481.png,Lung_Opacity,1,0.159708769364508,0.35176967117257496
Lung_Opacity/images/Lung_Opacity-4810.png,Lung_Opacity,1,0.19977818302013878,0.41984203399589853
Lung_Opacity/images/Lung_Opacity-4811.png,Lung_Opacity,1,0.2746395895048159,0.3454536195132225
Lung_Opacity/images/Lung_Opacity-4819.png,Lung_Opacity,1,0.32322725541833475,0.27118549857207264
Lung_Opacity/images/Lung_Opacity-4821.png,Lung_Opacity,1,0.1805494060694105,0.2614906824246195
Lung_Opacity/images/Lung_Opacity-4830.png,Lung_Opacity,1,0.2524472569080951,0.25848524512149673
Lung_Opacity/images/Lung_Opacity-4848.png,Lung_Opacity,1,0.26303827703119315,0.348127259930548
Lung_Opacity/images/Lung_Opacity-4858.png,Lung_Opacity,1,0.3505733302641585,0.41065101086878064
Lung_Opacity/images/Lung_Opacity-4884.png,Lung_Opacity,1,0.3032168596150814,0.3789602229628872
Lung_Opacity/images/Lung_Opacity-4888.png,Lung_Opacity,1,0.20573788383532993,0.4163204592393875
Lung_Opacity/images/Lung_Opacity-489.png,Lung_Opacity,1,0.1493391216116766,0.27511039004927224
Lung_Opacity/images/Lung_Opacity-4905.png,Lung_Opacity,1,0.1634708863459567,0.39721308749221507
Lung_Opacity/images/Lung_Opacity-4944.png,Lung_Opacity,1,0.4059477146700529,0.4691012020140532
Lung_Opacity/images/Lung_Opacity-4945.png,Lung_Opacity,1,0.47500463830707274,0.3377726646014601
Lung_Opacity/images/Lung_Opacity-4951.png,Lung_Opacity,1,0.2364613936239083,0.2878312768857149
Lung_Opacity/images/Lung_Opacity-496.png,Lung_Opacity,1,0.3138147484788592,0.3957506282851833
Lung_Opacity/images/Lung_Opacity-4964.png,Lung_Opacity,1,0.07678165832747787,0.17927885899295792
Lung_Opacity/images/Lung_Opacity-4967.png,Lung_Opacity,1,0.24098396746420506,0.20709536539026996
Lung_Opacity/images/Lung_Opacity-4968.png,Lung_Opacity,1,0.2467987711810846,0.35658412540679335
Lung_Opacity/images/Lung_Opacity-4969.png,Lung_Opacity,1,0.30302988224241906,0.2475056564628096
Lung_Opacity/images/Lung_Opacity-4990.png,Lung_Opacity,1,0.14902224832654332,0.3372858699727591
Lung_Opacity/images/Lung_Opacity-4999.png,Lung_Opacity,1,0.23007191307782898,0.3702691700834851
Lung_Opacity/images/Lung_Opacity-5008.png,Lung_Opacity,1,0.31979137720209083,0.3362104417212744
Lung_Opacity/images/Lung_Opacity-5009.png,Lung_Opacity,1,0.2673709795980745,0.31755826754938365
Lung_Opacity/images/Lung_Opacity-5010.png,Lung_Opacity,1,0.24601501170438644,0.3744862697492266
Lung_Opacity/images/Lung_Opacity-5012.png,Lung_Opacity,1,0.20210751670392038,0.3900829789801366
Lung_Opacity/images/Lung_Opacity-5014.png,Lung_Opacity,1,0.35599599004556254,0.4484347560139857
Lung_Opacity/images/Lung_Opacity-502.png,Lung_Opacity,1,0.21038380597175455,0.33647782784500124
Lung_Opacity/images/Lung_Opacity-5028.png,Lung_Opacity,1,0.40481493888241543,0.3579667430694531
Lung_Opacity/images/Lung_Opacity-503.png,Lung_Opacity,1,0.4243386060958383,0.33191337958291406
Lung_Opacity/images/Lung_Opacity-5030.png,Lung_Opacity,1,0.2621186630821353,0.461143390771888
Lung_Opacity/images/Lung_Opacity-5035.png,Lung_Opacity,1,0.3971020496968054,0.3690712795012196
Lung_Opacity/images/Lung_Opacity-5037.png,Lung_Opacity,1,0.3414374622540597,0.3874625698283487
Lung_Opacity/images/Lung_Opacity-504.png,Lung_Opacity,1,0.5646853140419241,0.49782446421175597
Lung_Opacity/images/Lung_Opacity-5049.png,Lung_Opacity,1,0.310936209556719,0.24729846904387529
Lung_Opacity/images/Lung_Opacity-505.png,Lung_Opacity,1,0.4142923550074934,0.6003215307822335
Lung_Opacity/images/Lung_Opacity-5055.png,Lung_Opacity,1,0.319245113201913,0.2635507305366037
Lung_Opacity/images/Lung_Opacity-5056.png,Lung_Opacity,1,0.19731921300145072,0.3961421774014944
Lung_Opacity/images/Lung_Opacity-5062.png,Lung_Opacity,1,0.26669648230389315,0.4130766282858249
Lung_Opacity/images/Lung_Opacity-507.png,Lung_Opacity,1,0.45159122087691034,0.401917409525521
Lung_Opacity/images/Lung_Opacity-5070.png,Lung_Opacity,1,0.33052804995336893,0.3390446400261455
Lung_Opacity/images/Lung_Opacity-5085.png,Lung_Opacity,1,0.27879172949105957,0.37659054085936694
Lung_Opacity/images/Lung_Opacity-5096.png,Lung_Opacity,1,0.42755402869107384,0.3784260451283975
Lung_Opacity/images/Lung_Opacity-510.png,Lung_Opacity,1,0.12190231486919341,0.33828024471495216
Lung_Opacity/images/Lung_Opacity-5101.png,Lung_Opacity,1,0.3025991149230471,0.3434318867549146
Lung_Opacity/images/Lung_Opacity-5103.png,Lung_Opacity,1,0.2744494578407635,0.306332443983822
Lung_Opacity/images/Lung_Opacity-5111.png,Lung_Opacity,1,0.537396343587395,0.5504508021088078
Lung_Opacity/images/Lung_Opacity-512.png,Lung_Opacity,1,0.2728081505299466,0.45946837171035937
Lung_Opacity/images/Lung_Opacity-5129.png,Lung_Opacity,1,0.24153421628749439,0.3051707376854218
Lung_Opacity/images/Lung_Opacity-5130.png,Lung_Opacity,1,0.31322591923525944,0.4016218955560863
Lung_Opacity/images/Lung_Opacity-5133.png,Lung_Opacity,1,0.038135237713980696,0.39183115172533994
Lung_Opacity/images/Lung_Opacity-5134.png,Lung_Opacity,1,0.4112180628328154,0.3674098701919123
Lung_Opacity/images/Lung_Opacity-5137.png,Lung_Opacity,1,0.26961974671627476,0.30019647220945406
Lung_Opacity/images/Lung_Opacity-5155.png,Lung_Opacity,1,0.2858724277009304,0.3309493063652444
Lung_Opacity/images/Lung_Opacity-5160.png,Lung_Opacity,1,0.2499519355384923,0.2520055815283715
Lung_Opacity/images/Lung_Opacity-5163.png,Lung_Opacity,1,0.2452981539947838,0.3453460385028707
Lung_Opacity/images/Lung_Opacity-5164.png,Lung_Opacity,1,0.3835451873558796,0.4226572282539375
Lung_Opacity/images/Lung_Opacity-5175.png,Lung_Opacity,1,0.3982749528443167,0.3958921024110847
Lung_Opacity/images/Lung_Opacity-5177.png,Lung_Opacity,1,0.3449481521419422,0.40040695744866117
Lung_Opacity/images/Lung_Opacity-5187.png,Lung_Opacity,1,0.34647923949893156,0.4116911152940954
Lung_Opacity/images/Lung_Opacity-5189.png,Lung_Opacity,1,0.14934971641081438,0.35401482754963554
Lung_Opacity/images/Lung_Opacity-5206.png,Lung_Opacity,1,0.21688294537798483,0.2997696323425671
Lung_Opacity/images/Lung_Opacity-5208.png,Lung_Opacity,1,0.2542430217718689,0.30533126552622997
Lung_Opacity/images/Lung_Opacity-5221.png,Lung_Opacity,1,0.2434097527231671,0.16469031204288656
Lung_Opacity/images/Lung_Opacity-5228.png,Lung_Opacity,1,0.23154250617861227,0.3619283936537625
Lung_Opacity/images/Lung_Opacity-5239.png,Lung_Opacity,1,0.2035236956902355,0.2664366299933794
Lung_Opacity/images/Lung_Opacity-5241.png,Lung_Opacity,1,0.10967915875921601,0.36691355317744373
Lung_Opacity/images/Lung_Opacity-5253.png,Lung_Opacity,1,0.38330238154632235,0.5501131855990656
Lung_Opacity/images/Lung_Opacity-5254.png,Lung_Opacity,1,0.28557886049901565,0.34799576158264034
Lung_Opacity/images/Lung_Opacity-5264.png,Lung_Opacity,1,0.22967521634555965,0.40410933640297036
Lung_Opacity/images/Lung_Opacity-5269.png,Lung_Opacity,1,0.3932947167585211,0.408967331510141
Lung_Opacity/images/Lung_Opacity-5280.png,Lung_Opacity,1,0.27205815118509113,0.4362005175490779
Lung_Opacity/images/Lung_Opacity-5282.png,Lung_Opacity,1,0.17960161752688195,0.1997250334395344
Lung_Opacity/images/Lung_Opacity-5283.png,Lung_Opacity,1,0.20404004918532234,0.24465494337185215
Lung_Opacity/images/Lung_Opacity-5284.png,Lung_Opacity,1,0.4963813871859917,0.40513908051461583
Lung_Opacity/images/Lung_Opacity-5291.png,Lung_Opacity,1,0.3049128928855653,0.4142390150177531
Lung_Opacity/images/Lung_Opacity-5296.png,Lung_Opacity,1,0.26697593231406835,0.30325222811268326
Lung_Opacity/images/Lung_Opacity-5300.png,Lung_Opacity,1,0.21075043119486853,0.22239353282712612
Lung_Opacity/images/Lung_Opacity-5307.png,Lung_Opacity,1,0.22726200211644187,0.33790343734202155
Lung_Opacity/images/Lung_Opacity-5308.png,Lung_Opacity,1,0.5546813131035081,0.4588187458690358
Lung_Opacity/images/Lung_Opacity-5315.png,Lung_Opacity,1,0.09225061077639346,0.15745828231982933
Lung_Opacity/images/Lung_Opacity-5318.png,Lung_Opacity,1,0.1289356844541619,0.13546892286726464
Lung_Opacity/images/Lung_Opacity-5322.png,Lung_Opacity,1,0.39429894668913595,0.3967277571072107
Lung_Opacity/images/Lung_Opacity-5327.png,Lung_Opacity,1,0.21388692250700353,0.37600168628276787
Lung_Opacity/images/Lung_Opacity-533.png,Lung_Opacity,1,0.3464753176247227,0.3211909839855471
Lung_Opacity/images/Lung_Opacity-5330.png,Lung_Opacity,1,0.336810982292592,0.2183189368139283
Lung_Opacity/images/Lung_Opacity-5332.png,Lung_Opacity,1,0.2775920494749375,0.3306937190770219
Lung_Opacity/images/Lung_Opacity-5334.png,Lung_Opacity,1,0.2721466935773992,0.3071286291201506
Lung_Opacity/images/Lung_Opacity-5367.png,Lung_Opacity,1,0.24068840051240006,0.4215275427889221
Lung_Opacity/images/Lung_Opacity-5385.png,Lung_Opacity,1,0.1769927615167253,0.22005223039880079
Lung_Opacity/images/Lung_Opacity-5393.png,Lung_Opacity,1,0.3608740442049491,0.40965972982332033
Lung_Opacity/images/Lung_Opacity-5396.png,Lung_Opacity,1,0.29267047678967095,0.47459648193145176
Lung_Opacity/images/Lung_Opacity-5399.png,Lung_Opacity,1,0.23663909878169048,0.26717335920771323
Lung_Opacity/images/Lung_Opacity-5423.png,Lung_Opacity,1,0.25960314262898987,0.2030973832622477
Lung_Opacity/images/Lung_Opacity-5425.png,Lung_Opacity,1,0.1909801345062927,0.28729936993879257
Lung_Opacity/images/Lung_Opacity-543.png,Lung_Opacity,1,0.20919215738184632,0.3245338826240927
Lung_Opacity/images/Lung_Opacity-5433.png,Lung_Opacity,1,0.2097286404611101,0.30955461698408293
Lung_Opacity/images/Lung_Opacity-5435.png,Lung_Opacity,1,0.22589969549188232,0.31908072292674783
Lung_Opacity/images/Lung_Opacity-5436.png,Lung_Opacity,1,0.19175172049648392,0.20626685627638316
Lung_Opacity/images/Lung_Opacity-544.png,Lung_Opacity,1,0.36431102397712556,0.2925294528121235
Lung_Opacity/images/Lung_Opacity-5440.png,Lung_Opacity,1,0.5352816085000087,0.5066129121819112
Lung_Opacity/images/Lung_Opacity-5442.png,Lung_Opacity,1,0.4435995862524465,0.43766575235817734
Lung_Opacity/images/Lung_Opacity-5444.png,Lung_Opacity,1,0.1893623634631855,0.30820814831512916
Lung_Opacity/images/Lung_Opacity-545.png,Lung_Opacity,1,0.1264143826485672,0.43784504208200203
Lung_Opacity/images/Lung_Opacity-5450.png,Lung_Opacity,1,0.31096014525411353,0.37636479721622
Lung_Opacity/images/Lung_Opacity-5451.png,Lung_Opacity,1,0.3255034104924633,0.4386595789406696
Lung_Opacity/images/Lung_Opacity-5454.png,Lung_Opacity,1,0.254197070727879,0.28841383808482135
Lung_Opacity/images/Lung_Opacity-546.png,Lung_Opacity,1,0.3894139636604275,0.4301204160450134
Lung_Opacity/images/Lung_Opacity-5467.png,Lung_Opacity,1,0.1695451059786261,0.24401611405106272
Lung_Opacity/images/Lung_Opacity-547.png,Lung_Opacity,1,0.43852982184868267,0.4081028961837673
Lung_Opacity/images/Lung_Opacity-5470.png,Lung_Opacity,1,0.42771587274823625,0.417027060101942
Lung_Opacity/images/Lung_Opacity-5472.png,Lung_Opacity,1,0.2036480389927769,0.1906311739649019
Lung_Opacity/images/Lung_Opacity-5476.png,Lung_Opacity,1,0.32375689127318613,0.3512684845205064
Lung_Opacity/images/Lung_Opacity-5484.png,Lung_Opacity,1,0.34037377275738456,0.3961354988331757
Lung_Opacity/images/Lung_Opacity-5495.png,Lung_Opacity,1,0.5261211108192791,0.45058631631554186
Lung_Opacity/images/Lung_Opacity-5497.png,Lung_Opacity,1,0.12950409574139657,0.1975171034966288
Lung_Opacity/images/Lung_Opacity-5498.png,Lung_Opacity,1,0.12253357561159803,0.255425954493683
Lung_Opacity/images/Lung_Opacity-5501.png,Lung_Opacity,1,0.3148138783442469,0.4368718161912638
Lung_Opacity/images/Lung_Opacity-5506.png,Lung_Opacity,1,0.30841375833480733,0.4595078188101475
Lung_Opacity/images/Lung_Opacity-5513.png,Lung_Opacity,1,0.23953686865681872,0.27339875787509593
Lung_Opacity/images/Lung_Opacity-552.png,Lung_Opacity,1,0.12148032799023842,0.32205868167016627
Lung_Opacity/images/Lung_Opacity-5520.png,Lung_Opacity,1,0.243159916784934,0.4427751792712745
Lung_Opacity/images/Lung_Opacity-5521.png,Lung_Opacity,1,0.3200178808671209,0.408911276666651
Lung_Opacity/images/Lung_Opacity-553.png,Lung_Opacity,1,0.09936946138613616,0.10742145716738102
Lung_Opacity/images/Lung_Opacity-5533.png,Lung_Opacity,1,0.2045294031094139,0.29461316505759466
Lung_Opacity/images/Lung_Opacity-5534.png,Lung_Opacity,1,0.2824554735292094,0.42639265617104183
Lung_Opacity/images/Lung_Opacity-5537.png,Lung_Opacity,1,0.22293976539517465,0.3735181771147438
Lung_Opacity/images/Lung_Opacity-554.png,Lung_Opacity,1,0.09833182755971923,0.4012938647038964
Lung_Opacity/images/Lung_Opacity-5552.png,Lung_Opacity,1,0.2175230290524838,0.3764801397065136
Lung_Opacity/images/Lung_Opacity-5557.png,Lung_Opacity,1,0.2780619330461675,0.30973537195063144
Lung_Opacity/images/Lung_Opacity-5561.png,Lung_Opacity,1,0.2764322896284906,0.3331088343373622
Lung_Opacity/images/Lung_Opacity-5569.png,Lung_Opacity,1,0.315428637914801,0.33279305109048013
Lung_Opacity/images/Lung_Opacity-558.png,Lung_Opacity,1,0.3072751379353258,0.3775362452327259
Lung_Opacity/images/Lung_Opacity-5580.png,Lung_Opacity,1,0.2738865743706674,0.25837015073715686
Lung_Opacity/images/Lung_Opacity-5589.png,Lung_Opacity,1,0.25430993953752756,0.22355533070283493
Lung_Opacity/images/Lung_Opacity-5607.png,Lung_Opacity,1,0.11451479725115382,0.2454347002427564
Lung_Opacity/images/Lung_Opacity-5609.png,Lung_Opacity,1,0.3639672292619397,0.43541793048367
Lung_Opacity/images/Lung_Opacity-5611.png,Lung_Opacity,1,0.3761771374154967,0.3817809931673135
Lung_Opacity/images/Lung_Opacity-5612.png,Lung_Opacity,1,0.19844354809174147,0.2617776685498504
Lung_Opacity/images/Lung_Opacity-5617.png,Lung_Opacity,1,0.23498359085693718,0.31647106180247697
Lung_Opacity/images/Lung_Opacity-5618.png,Lung_Opacity,1,0.35970595832977137,0.3101613514458982
Lung_Opacity/images/Lung_Opacity-562.png,Lung_Opacity,1,0.2425331951325314,0.13444169490307967
Lung_Opacity/images/Lung_Opacity-5621.png,Lung_Opacity,1,0.23667180344260738,0.34245947039509295
Lung_Opacity/images/Lung_Opacity-5632.png,Lung_Opacity,1,0.35107856783387414,0.3391846211266443
Lung_Opacity/images/Lung_Opacity-5633.png,Lung_Opacity,1,0.3049743361386311,0.31340932075034345
Lung_Opacity/images/Lung_Opacity-5638.png,Lung_Opacity,1,0.03938016545253248,0.33306383764422204
Lung_Opacity/images/Lung_Opacity-5643.png,Lung_Opacity,1,0.20532058677084633,0.2328165834098804
Lung_Opacity/images/Lung_Opacity-566.png,Lung_Opacity,1,0.21084174074760492,0.2552033981813387
Lung_Opacity/images/Lung_Opacity-5660.png,Lung_Opacity,1,0.30176884619538596,0.404003047248779
Lung_Opacity/images/Lung_Opacity-5666.png,Lung_Opacity,1,0.1381124680965808,0.23361159663101738
Lung_Opacity/images/Lung_Opacity-5669.png,Lung_Opacity,1,0.3848200903222548,0.3904292717951418
Lung_Opacity/images/Lung_Opacity-5673.png,Lung_Opacity,1,0.3962062154644825,0.373756082450004
Lung_Opacity/images/Lung_Opacity-5686.png,Lung_Opacity,1,0.2924705536948319,0.36721548464346226
Lung_Opacity/images/Lung_Opacity-5688.png,Lung_Opacity,1,0.24569664198290045,0.35821483652820824
Lung_Opacity/images/Lung_Opacity-5697.png,Lung_Opacity,1,0.11207684136037646,0.23593879835665832
Lung_Opacity/images/Lung_Opacity-5698.png,Lung_Opacity,1,0.18911378460759434,0.3226858481128295
Lung_Opacity/images/Lung_Opacity-570.png,Lung_Opacity,1,0.08912633235651979,0.31764645597635444
Lung_Opacity/images/Lung_Opacity-5704.png,Lung_Opacity,1,0.32860940282978557,0.4283315385401117
Lung_Opacity/images/Lung_Opacity-5717.png,Lung_Opacity,1,0.3759930613837286,0.4293231418664787
Lung_Opacity/images/Lung_Opacity-5718.png,Lung_Opacity,1,0.2555082700430031,0.3851420999364899
Lung_Opacity/images/Lung_Opacity-5729.png,Lung_Opacity,1,0.31110956130214257,0.4405283359786548
Lung_Opacity/images/Lung_Opacity-5742.png,Lung_Opacity,1,0.3110223074693707,0.4264644870047885
Lung_Opacity/images/Lung_Opacity-5748.png,Lung_Opacity,1,0.32786831265998234,0.3633937312906366
Lung_Opacity/images/Lung_Opacity-5754.png,Lung_Opacity,1,0.3391750539151004,0.3328748159155332
Lung_Opacity/images/Lung_Opacity-5758.png,Lung_Opacity,1,0.18131374388873234,0.359191513726041
Lung_Opacity/images/Lung_Opacity-5764.png,Lung_Opacity,1,0.37810361831243666,0.37783844320548676
Lung_Opacity/images/Lung_Opacity-5767.png,Lung_Opacity,1,0.4329386126662451,0.432158163699697
Lung_Opacity/images/Lung_Opacity-5793.png,Lung_Opacity,1,0.5256117223718155,0.6076407512997314
Lung_Opacity/images/Lung_Opacity-5796.png,Lung_Opacity,1,0.26192745899100117,0.3019014774700668
Lung_Opacity/images/Lung_Opacity-58.png,Lung_Opacity,1,0.15098372078446914,0.2574924048479294
Lung_Opacity/images/Lung_Opacity-5800.png,Lung_Opacity,1,0.18301506003163273,0.31345001661064453
Lung_Opacity/images/Lung_Opacity-581.png,Lung_Opacity,1,0.24223967821268164,0.3281976413269019
Lung_Opacity/images/Lung_Opacity-5815.png,Lung_Opacity,1,0.1326785395554812,0.275918036600668
Lung_Opacity/images/Lung_Opacity-5829.png,Lung_Opacity,1,0.33213078840831406,0.3873275824367702
Lung_Opacity/images/Lung_Opacity-5830.png,Lung_Opacity,1,0.25752288209264396,0.24711910403535664
Lung_Opacity/images/Lung_Opacity-5836.png,Lung_Opacity,1,0.13917976133328885,0.19167954897596262
Lung_Opacity/images/Lung_Opacity-5844.png,Lung_Opacity,1,0.2932024891616757,0.278777028630225
Lung_Opacity/images/Lung_Opacity-5846.png,Lung_Opacity,1,0.12724461447880828,0.22918434454205977
Lung_Opacity/images/Lung_Opacity-5863.png,Lung_Opacity,1,0.27323729391362006,0.3937199851907993
Lung_Opacity/images/Lung_Opacity-5864.png,Lung_Opacity,1,0.2163436448454015,0.36099088174962535
Lung_Opacity/images/Lung_Opacity-5868.png,Lung_Opacity,1,0.20743609695529694,0.34040586624667885
Lung_Opacity/images/Lung_Opacity-588.png,Lung_Opacity,1,0.28683300108831516,0.3329044527150209
Lung_Opacity/images/Lung_Opacity-5880.png,Lung_Opacity,1,0.23722079877411104,0.41665981518372647
Lung_Opacity/images/Lung_Opacity-5881.png,Lung_Opacity,1,0.19818095483575285,0.31636272954569916
Lung_Opacity/images/Lung_Opacity-5884.png,Lung_Opacity,1,0.29833764411911196,0.18810382281020385
Lung_Opacity/images/Lung_Opacity-59.png,Lung_Opacity,1,0.3678330019106465,0.34511669176947335
Lung_Opacity/images/Lung_Opacity-5908.png,Lung_Opacity,1,0.32036333861694066,0.3100410169326277
Lung_Opacity/images/Lung_Opacity-5914.png,Lung_Opacity,1,0.3436288328956227,0.328569584355865
Lung_Opacity/images/Lung_Opacity-5917.png,Lung_Opacity,1,0.1748087322603104,0.24688299294561566
Lung_Opacity/images/Lung_Opacity-5944.png,Lung_Opacity,1,0.22129103316328463,0.3964992161120218
Lung_Opacity/images/Lung_Opacity-5949.png,Lung_Opacity,1,0.49466215522219487,0.5023292294757497
Lung_Opacity/images/Lung_Opacity-5957.png,Lung_Opacity,1,0.16155374535238848,0.4228891525675005
Lung_Opacity/images/Lung_Opacity-5963.png,Lung_Opacity,1,0.19821726725775882,0.3203867636241032
Lung_Opacity/images/Lung_Opacity-5967.png,Lung_Opacity,1,0.27989272294744577,0.10245850721301399
Lung_Opacity/images/Lung_Opacity-5974.png,Lung_Opacity,1,0.1634796010204672,0.18950722432842462
Lung_Opacity/images/Lung_Opacity-5984.png,Lung_Opacity,1,0.32452208127151316,0.4305045028689853
Lung_Opacity/images/Lung_Opacity-5989.png,Lung_Opacity,1,0.17733493532982006,0.3483037058877904
Lung_Opacity/images/Lung_Opacity-5995.png,Lung_Opacity,1,0.3653524125077239,0.2536248836645701
Lung_Opacity/images/Lung_Opacity-6001.png,Lung_Opacity,1,0.2879097520162978,0.40693815606662964
Lung_Opacity/images/Lung_Opacity-6002.png,Lung_Opacity,1,0.2762343128560775,0.37151156093318766
Lung_Opacity/images/Lung_Opacity-6010.png,Lung_Opacity,1,0.1255121216579453,0.33223580655338886
Lung_Opacity/images/Lung_Opacity-605.png,Lung_Opacity,1,0.38740277879848445,0.3007233072262979
Lung_Opacity/images/Lung_Opacity-606.png,Lung_Opacity,1,0.34408642859055355,0.409407950404658
Lung_Opacity/images/Lung_Opacity-608.png,Lung_Opacity,1,0.22148695459595263,0.4429989483747286
Lung_Opacity/images/Lung_Opacity-614.png,Lung_Opacity,1,0.14110595353932695,0.29037150984427423
Lung_Opacity/images/Lung_Opacity-619.png,Lung_Opacity,1,0.4994092362730716,0.21912720201652838
Lung_Opacity/images/Lung_Opacity-621.png,Lung_Opacity,1,0.331026305762713,0.2806468497244845
Lung_Opacity/images/Lung_Opacity-623.png,Lung_Opacity,1,0.35147426969367795,0.30810457817490006
Lung_Opacity/images/Lung_Opacity-634.png,Lung_Opacity,1,0.24577317187501968,0.32377494556821157
Lung_Opacity/images/Lung_Opacity-638.png,Lung_Opacity,1,0.19545902163161794,0.23303486707522553
Lung_Opacity/images/Lung_Opacity-647.png,Lung_Opacity,1,0.14619586050648103,0.3610487934920431
Lung_Opacity/images/Lung_Opacity-669.png,Lung_Opacity,1,0.29407788248766575,0.38934720043824317
Lung_Opacity/images/Lung_Opacity-670.png,Lung_Opacity,1,0.4231985814996526,0.4468140571636691
Lung_Opacity/images/Lung_Opacity-674.png,Lung_Opacity,1,0.27500066259396005,0.2469907078955271
Lung_Opacity/images/Lung_Opacity-677.png,Lung_Opacity,1,0.11877029100176449,0.26522294422344167
Lung_Opacity/images/Lung_Opacity-68.png,Lung_Opacity,1,0.33492361876735294,0.35042885879086255
Lung_Opacity/images/Lung_Opacity-69.png,Lung_Opacity,1,0.18670189859776176,0.23001241794730967
Lung_Opacity/images/Lung_Opacity-693.png,Lung_Opacity,1,0.2460798023710252,0.3147588233319039
Lung_Opacity/images/Lung_Opacity-695.png,Lung_Opacity,1,0.3224652198840756,0.32504484960158037
Lung_Opacity/images/Lung_Opacity-699.png,Lung_Opacity,1,0.24789298441435328,0.3810903246843745
Lung_Opacity/images/Lung_Opacity-700.png,Lung_Opacity,1,0.2882739307563907,0.41033014153524433
Lung_Opacity/images/Lung_Opacity-705.png,Lung_Opacity,1,0.3611576887360101,0.34154266978667447
Lung_Opacity/images/Lung_Opacity-71.png,Lung_Opacity,1,0.22114685890650443,0.4026120183867787
Lung_Opacity/images/Lung_Opacity-711.png,Lung_Opacity,1,0.27095001481159875,0.34626631997557233
Lung_Opacity/images/Lung_Opacity-721.png,Lung_Opacity,1,0.3472708451968497,0.284814131234893
Lung_Opacity/images/Lung_Opacity-726.png,Lung_Opacity,1,0.2595391551611278,0.17122560786693541
Lung_Opacity/images/Lung_Opacity-727.png,Lung_Opacity,1,0.20846396260457256,0.2541704900751607
Lung_Opacity/images/Lung_Opacity-731.png,Lung_Opacity,1,0.17036435970292407,0.27541811803092997
Lung_Opacity/images/Lung_Opacity-749.png,Lung_Opacity,1,0.30081076763476017,0.31756190807866536
Lung_Opacity/images/Lung_Opacity-75.png,Lung_Opacity,1,0.31238536780121795,0.3310296096877554
Lung_Opacity/images/Lung_Opacity-752.png,Lung_Opacity,1,0.28640204773760436,0.40406591969859645
Lung_Opacity/images/Lung_Opacity-764.png,Lung_Opacity,1,0.3086172121584868,0.27631665346077183
Lung_Opacity/images/Lung_Opacity-765.png,Lung_Opacity,1,0.4193934452679997,0.4683665452647079
Lung_Opacity/images/Lung_Opacity-767.png,Lung_Opacity,1,0.057951733024137246,0.32522130900743235
Lung_Opacity/images/Lung_Opacity-768.png,Lung_Opacity,1,0.20260533263100627,0.253129619456569
Lung_Opacity/images/Lung_Opacity-776.png,Lung_Opacity,1,0.27973831062732135,0.3936869580441195
Lung_Opacity/images/Lung_Opacity-782.png,Lung_Opacity,1,0.28635952982875085,0.2669157969779048
Lung_Opacity/images/Lung_Opacity-784.png,Lung_Opacity,1,0.35253337697772624,0.3664078544106683
Lung_Opacity/images/Lung_Opacity-791.png,Lung_Opacity,1,0.32540429482186256,0.241384970356305
Lung_Opacity/images/Lung_Opacity-793.png,Lung_Opacity,1,0.22528124275399827,0.2552518475269225
Lung_Opacity/images/Lung_Opacity-795.png,Lung_Opacity,1,0.30411498468976256,0.41617875037017155
Lung_Opacity/images/Lung_Opacity-799.png,Lung_Opacity,1,0.3021207570407835,0.3238415159502917
Lung_Opacity/images/Lung_Opacity-800.png,Lung_Opacity,1,0.30236767447713714,0.3493219192355934
Lung_Opacity/images/Lung_Opacity-813.png,Lung_Opacity,1,0.13235086694870205,0.3705852579083687
Lung_Opacity/images/Lung_Opacity-817.png,Lung_Opacity,1,0.12862584738976943,0.23563312006679168
Lung_Opacity/images/Lung_Opacity-824.png,Lung_Opacity,1,0.3388455859279356,0.4270673359884214
Lung_Opacity/images/Lung_Opacity-825.png,Lung_Opacity,1,0.19688045852622302,0.3156572489151472
Lung_Opacity/images/Lung_Opacity-826.png,Lung_Opacity,1,0.22124851019344752,0.40069366053534083
Lung_Opacity/images/Lung_Opacity-836.png,Lung_Opacity,1,0.2087305819435482,0.34954327940310687
Lung_Opacity/images/Lung_Opacity-84.png,Lung_Opacity,1,0.37055458744664854,0.4123218684065372
Lung_Opacity/images/Lung_Opacity-847.png,Lung_Opacity,1,0.20996807817177585,0.21269482952120797
Lung_Opacity/images/Lung_Opacity-854.png,Lung_Opacity,1,0.4031986158550113,0.2694102535433139
Lung_Opacity/images/Lung_Opacity-860.png,Lung_Opacity,1,0.2940990311734713,0.3516454932026107
Lung_Opacity/images/Lung_Opacity-865.png,Lung_Opacity,1,0.13518325764271238,0.27878173310894255
Lung_Opacity/images/Lung_Opacity-87.png,Lung_Opacity,1,0.1736576082194758,0.3629908436493087
Lung_Opacity/images/Lung_Opacity-871.png,Lung_Opacity,1,0.18183410274530767,0.25042994850795824
Lung_Opacity/images/Lung_Opacity-879.png,Lung_Opacity,1,0.0936815292816724,0.13739531126179272
Lung_Opacity/images/Lung_Opacity-894.png,Lung_Opacity,1,0.32054899614382887,0.31931037244413357
Lung_Opacity/images/Lung_Opacity-895.png,Lung_Opacity,1,0.23527308185832854,0.3136462040712824
Lung_Opacity/images/Lung_Opacity-897.png,Lung_Opacity,1,0.306131059324484,0.4034390017820775
Lung_Opacity/images/Lung_Opacity-920.png,Lung_Opacity,1,0.35834864525422006,0.3879653483121331
Lung_Opacity/images/Lung_Opacity-924.png,Lung_Opacity,1,0.15967820141387454,0.36952035261687066
Lung_Opacity/images/Lung_Opacity-929.png,Lung_Opacity,1,0.23170307899349732,0.5324110334866647
Lung_Opacity/images/Lung_Opacity-936.png,Lung_Opacity,1,0.3293545788921162,0.30174937871191626
Lung_Opacity/images/Lung_Opacity-94.png,Lung_Opacity,1,0.3099957872785219,0.35668938141338014
Lung_Opacity/images/Lung_Opacity-942.png,Lung_Opacity,1,0.18222363556228607,0.36917112198414415
Lung_Opacity/images/Lung_Opacity-944.png,Lung_Opacity,1,0.31304354209930396,0.30336001981482064
Lung_Opacity/images/Lung_Opacity-95.png,Lung_Opacity,1,0.33068597693887797,0.3547323037285615
Lung_Opacity/images/Lung_Opacity-955.png,Lung_Opacity,1,0.26573830345552385,0.3519737854028533
Lung_Opacity/images/Lung_Opacity-956.png,Lung_Opacity,1,0.24316197915339913,0.28716458487784474
Lung_Opacity/images/Lung_Opacity-966.png,Lung_Opacity,1,0.2808758988376663,0.49677767893037217
Lung_Opacity/images/Lung_Opacity-978.png,Lung_Opacity,1,0.3814857115015204,0.40332349429796854
Lung_Opacity/images/Lung_Opacity-982.png,Lung_Opacity,1,0.33336067577602524,0.40632449622465255
Lung_Opacity/images/Lung_Opacity-985.png,Lung_Opacity,1,0.19653309512462838,0.3837979535389279
Lung_Opacity/images/Lung_Opacity-986.png,Lung_Opacity,1,0.2206540354862674,0.29601472382374894
Lung_Opacity/images/Lung_Opacity-987.png,Lung_Opacity,1,0.23400112593623001,0.3790406998156992
Lung_Opacity/images/Lung_Opacity-992.png,Lung_Opacity,1,0.16576370891229078,0.4128149691323652
Lung_Opacity/images/Lung_Opacity-995.png,Lung_Opacity,1,0.2816138158632914,0.3385761031283137
Normal/images/Normal-100.png,Normal,2,0.19597765224184083,0.3861477871173698
Normal/images/Normal-10006.png,Normal,2,0.34031167060964507,0.33588880195304
Normal/images/Normal-10008.png,Normal,2,0.4760062800148327,0.5573579920537807
Normal/images/Normal-1002.png,Normal,2,0.2140168016869836,0.35931607462162735
Normal/images/Normal-1003.png,Normal,2,0.1766209492568105,0.14095889236005235
Normal/images/Normal-10030.png,Normal,2,0.3707963356202982,0.43544431633645997
Normal/images/Normal-10036.png,Normal,2,0.4668635105374749,0.49575376159672024
Normal/images/Normal-10038.png,Normal,2,0.3652080669254158,0.5162016528086268
Normal/images/Normal-10056.png,Normal,2,0.3735189677121428,0.39358455145685717
Normal/images/Normal-10057.png,Normal,2,0.4273217754159086,0.43715542469398755
Normal/images/Normal-10061.png,Normal,2,0.3414694583134517,0.44473014395189747
Normal/images/Normal-10063.png,Normal,2,0.38170698137304593,0.3487801473477685
Normal/images/Normal-10067.png,Normal,2,0.39360607845802587,0.33417421667767605
Normal/images/Normal-1007.png,Normal,2,0.2303062308314801,0.21743510378425054
Normal/images/Normal-10070.png,Normal,2,0.32050399317419137,0.3637130053716358
Normal/images/Normal-10080.png,Normal,2,0.43465074787984953,0.4780310553219378
Normal/images/Normal-10084.png,Normal,2,0.3776394695919602,0.3507441861342243
Normal/images/Normal-10091.png,Normal,2,0.4475915149117618,0.4957286215823696
Normal/images/Normal-10094.png,Normal,2,0.36744250202087775,0.49965177473613265
Normal/images/Normal-10096.png,Normal,2,0.36316190379605645,0.46420046235477314
Normal/images/Normal-10097.png,Normal,2,0.4695547309480567,0.42344127660094333
Normal/images/Normal-1010.png,Normal,2,0.07605633623603986,0.20811149103470808
Normal/images/Normal-10101.png,Normal,2,0.41897434884234,0.4366820071316978
Normal/images/Normal-10102.png,Normal,2,0.37965123047977645,0.46195691757107343
Normal/images/Normal-10109.png,Normal,2,0.05676887061164854,0.18758969157481287
Normal/images/Normal-10127.png,Normal,2,0.3404898802581435,0.41329289007331405
Normal/images/Normal-10130.png,Normal,2,0.448751325903811,0.3826137984701798
Normal/images/Normal-10135.png,Normal,2,0.5514337810120834,0.4499297333150157
Normal/images/Normal-10138.png,Normal,2,0.40660454668823864,0.44206060336988456
Normal/images/Normal-10151.png,Normal,2,0.41586364896003486,0.4624830422348697
Normal/images/Normal-10186.png,Normal,2,0.3102377543316146,0.37446347271188835
Normal/images/Normal-10192.png,Normal,2,0.327788204117292,0.35619382001392563
Normal/images/Normal-1035.png,Normal,2,0.16742971675832505,0.4331429416149751
Normal/images/Normal-1052.png,Normal,2,0.3006874275392929,0.34192067706066687
Normal/images/Normal-1054.png,Normal,2,0.2409829219715613,0.37251617098225925
Normal/images/Normal-1055.png,Normal,2,0.09740301567417538,0.10333790497451815
Normal/images/Normal-1057.png,Normal,2,0.18209877762763985,0.20919987712528976
Normal/images/Normal-1059.png,Normal,2,0.21333193053989644,0.39252340405676805
Normal/images/Normal-1062.png,Normal,2,0.17707051127402773,0.17792302352843264
Normal/images/Normal-1068.png,Normal,2,0.15562591626062433,0.2721378931309461
Normal/images/Normal-1074.png,Normal,2,0.2619613103737402,0.39602043360139805
Normal/images/Normal-1088.png,Normal,2,0.18678786271676376,0.1364777911756073
Normal/images/Normal-1091.png,Normal,2,0.18868082661217608,0.36902605617999934
Normal/images/Normal-110.png,Normal,2,0.18045002848875255,0.32748053183371595
Normal/images/Normal-1113.png,Normal,2,0.15456302537382316,0.2926250138983095
Normal/images/Normal-1116.png,Normal,2,0.27820654606107753,0.23076535640027268
Normal/images/Normal-1121.png,Normal,2,0.25777524662865753,0.21582834796551298
Normal/images/Normal-1122.png,Normal,2,0.18592192009195213,0.17437187438416873
Normal/images/Normal-1123.png,Normal,2,0.23216013686842246,0.23310865075337245
Normal/images/Normal-1132.png,Normal,2,0.22183147883397897,0.1985726428304853
Normal/images/Normal-1137.png,Normal,2,0.3245753428944769,0.4336069385994492
Normal/images/Normal-1141.png,Normal,2,0.3244315985654129,0.42723113965838994
Normal/images/Normal-1147.png,Normal,2,0.1969850819812914,0.16161584920408795
Normal/images/Normal-1152.png,Normal,2,0.13097763901600734,0.18235486461273984
Normal/images/Normal-1157.png,Normal,2,0.23922861647832094,0.09820184729530682
Normal/images/Normal-1162.png,Normal,2,0.24602153445488426,0.2848859353898276
Normal/images/Normal-1172.png,Normal,2,0.3041340105749421,0.22476172967992747
Normal/images/Normal-1176.png,Normal,2,0.22000876738505903,0.2550386029314085
Normal/images/Normal-1185.png,Normal,2,0.21920847464098717,0.24940678489818094
Normal/images/Normal-1209.png,Normal,2,0.17657969411373034,0.16638108373817279
Normal/images/Normal-1213.png,Normal,2,0.10731495436724665,0.28889933819484287
Normal/images/Normal-1218.png,Normal,2,0.1027087431760973,0.23934249360122298
Normal/images/Normal-1222.png,Normal,2,0.16942415746102155,0.16878305088738865
Normal/images/Normal-1223.png,Normal,2,0.1448142582720136,0.3042283795722687
Normal/images/Normal-1238.png,Normal,2,0.15233202830531753,0.24790688908429975
Normal/images/Normal-1252.png,Normal,2,0.1659536470948053,0.0981502373960551
Normal/images/Normal-1258.png,Normal,2,0.20755779269014532,0.43178896808774414
Normal/images/Normal-1265.png,Normal,2,0.2387969358159797,0.23273170188556958
Normal/images/Normal-1271.png,Normal,2,0.19579961471710416,0.2275397607063432
Normal/images/Normal-1277.png,Normal,2,0.11928490422607133,0.22817370820910501
Normal/images/Normal-1284.png,Normal,2,0.15497033801326213,0.16619852410970762
Normal/images/Normal-1292.png,Normal,2,0.22108258025383193,0.3106425919069679
Normal/images/Normal-1294.png,Normal,2,0.1438960272572501,0.22595462635465383
Normal/images/Normal-1301.png,Normal,2,0.22052711631154404,0.13907467140419855
Normal/images/Normal-1303.png,Normal,2,0.1570771198076305,0.17752845311984447
Normal/images/Normal-1308.png,Normal,2,0.17048227813234587,0.45728240577425433
Normal/images/Normal-1313.png,Normal,2,0.25794872217224235,0.3662371363720291
Normal/images/Normal-1321.png,Normal,2,0.14776744943827883,0.22111364288217636
Normal/images/Normal-1325.png,Normal,2,0.2866620387484966,0.41862861552460595
Normal/images/Normal-1329.png,Normal,2,0.30111475865581244,0.37118585599775544
Normal/images/Normal-1330.png,Normal,2,0.20590330887909167,0.22526852358523541
Normal/images/Normal-1335.png,Normal,2,0.15771571669084028,0.22089405673320273
Normal/images/Normal-1337.png,Normal,2,0.21205160769477857,0.16918557391893327
Normal/images/Normal-1340.png,Normal,2,0.2413834613168368,0.376965361850924
Normal/images/Normal-1341.png,Normal,2,0.2087049065172163,0.4382560507172862
Normal/images/Normal-1349.png,Normal,2,0.2362768869616323,0.22236251517143213
Normal/images/Normal-1350.png,Normal,2,0.2221181456640503,0.20626118283507808
Normal/images/Normal-1354.png,Normal,2,0.18687582131738986,0.1616956297779165
Normal/images/Normal-136.png,Normal,2,0.2483163273244341,0.38368825014168556
Normal/images/Normal-1362.png,Normal,2,0.22981069375022498,0.16777374135403483
Normal/images/Normal-1365.png,Normal,2,0.1320178211685157,0.25202160047260724
Normal/images/Normal-1370.png,Normal,2,0.10338419380212578,0.21147843025778584
Normal/images/Normal-1382.png,Normal,2,0.21019282954542878,0.2372847735496683
Normal/images/Normal-1385.png,Normal,2,0.17171210185733432,0.3423863300073053
Normal/images/Normal-1393.png,Normal,2,0.08979247937184819,0.3485920133407887
Normal/images/Normal-1396.png,Normal,2,0.11933434423559215,0.36927518773012274
Normal/images/Normal-1402.png,Normal,2,0.1530392352126446,0.25789374727347625
Normal/images/Normal-1404.png,Normal,2,0.3148760294376461,0.3568334270188214
Normal/images/Normal-1409.png,Normal,2,0.41486029992309703,0.3979506293746033
Normal/images/Normal-1411.png,Normal,2,0.35847455714311105,0.3848413051616797
Normal/images/Normal-1419.png,Normal,2,0.47078468029198345,0.41949199693494005
Normal/images/Normal-142.png,Normal,2,0.21251370757770302,0.2599629518028986
Normal/images/Normal-1429.png,Normal,2,0.39865556844853867,0.4527195301870771
Normal/images/Normal-1432.png,Normal,2,0.41150001156545546,0.30627985446250633
Normal/images/Normal-1440.png,Normal,2,0.4353091937201983,0.4955730226934248
Normal/images/Normal-1446.png,Normal,2,0.4231858985083876,0.4314480107691256
Normal/images/Normal-145.png,Normal,2,0.2067544356278045,0.1487336974472351
Normal/images/Normal-1458.png,Normal,2,0.3174969857915816,0.49115909538401703
Normal/images/Normal-1459.png,Normal,2,0.39286672752452456,0.485978730913641
Normal/images/Normal-1467.png,Normal,2,0.349278833244736,0.46708488397794723
Normal/images/Normal-147.png,Normal,2,0.194425582273637,0.4262195835877891
Normal/images/Normal-1475.png,Normal,2,0.332076932921069,0.41679374057631846
Normal/images/Normal-1482.png,Normal,2,0.2932445973473399,0.39785401283293353
Normal/images/Normal-1491.png,Normal,2,0.4885713098955972,0.5035972312389667
Normal/images/Normal-1505.png,Normal,2,0.37755872181273176,0.46176422110112547
Normal/images/Normal-1508.png,Normal,2,0.4238628297150634,0.3837974950936598
Normal/images/Normal-1509.png,Normal,2,0.425541080315927,0.4181889985510716
Normal/images/Normal-1510.png,Normal,2,0.3751280195847709,0.448255417239606
Normal/images/Normal-1511.png,Normal,2,0.3455239188475762,0.42573823110444514
Normal/images/Normal-1513.png,Normal,2,0.38609425982126727,0.20729514082732337
Normal/images/Normal-1516.png,Normal,2,0.3522952506991295,0.43100510916475215
Normal/images/Normal-1519.png,Normal,2,0.4124965961518298,0.4578496698116052
Normal/images/Normal-1520.png,Normal,2,0.3961845420752312,0.40008709460274466
Normal/images/Normal-1524.png,Normal,2,0.4859223981442051,0.4282990681367182
Normal/images/Normal-1532.png,Normal,2,0.23580356347415998,0.2842315606294267
Normal/images/Normal-1535.png,Normal,2,0.5287671770570852,0.40848188202497393
Normal/images/Normal-1542.png,Normal,2,0.37983689416667726,0.43540603241192954
Normal/images/Normal-1543.png,Normal,2,0.4535137887379253,0.3523150849235247
Normal/images/Normal-1544.png,Normal,2,0.32223848890202333,0.45502303025524926
Normal/images/Normal-1547.png,Normal,2,0.38161212858376264,0.389208877514714
Normal/images/Normal-1550.png,Normal,2,0.4420867939935662,0.44045243046960264
Normal/images/Normal-1559.png,Normal,2,0.41423958274340356,0.4523188488082444
Normal/images/Normal-1561.png,Normal,2,0.45516371245737935,0.5076535887670705
Normal/images/Normal-1565.png,Normal,2,0.37336003232788306,0.4106124646051369
Normal/images/Normal-1575.png,Normal,2,0.3252325138280998,0.3985839144740376
Normal/images/Normal-1581.png,Normal,2,0.4456983848430706,0.40858994527559966
Normal/images/Normal-1588.png,Normal,2,0.4868178699130586,0.46128330583479976
Normal/images/Normal-1604.png,Normal,2,0.4746587197984705,0.4250162657055996
Normal/images/Normal-161.png,Normal,2,0.16999565406208814,0.4763695963548002
Normal/images/Normal-1616.png,Normal,2,0.08833074860690662,0.2589505288024499
Normal/images/Normal-162.png,Normal,2,0.1550286747391644,0.3947016670118273
Normal/images/Normal-1622.png,Normal,2,0.4373512184683579,0.42087437058266103
Normal/images/Normal-1632.png,Normal,2,0.20852570541344098,0.39525335735006584
Normal/images/Normal-1636.png,Normal,2,0.44468643963542903,0.5549117813194256
Normal/images/Normal-165.png,Normal,2,0.12360829920202349,0.24367897991756712
Normal/images/Normal-1651.png,Normal,2,0.3236282578727582,0.4068054822755474
Normal/images/Normal-1655.png,Normal,2,0.4248067159297275,0.38686768692498047
Normal/images/Normal-1661.png,Normal,2,0.37808439020728185,0.40400093543498694
Normal/images/Normal-170.png,Normal,2,0.14247617527129133,0.16115376683426083
Normal/images/Normal-1700.png,Normal,2,0.29896486734439204,0.3018065476181734
Normal/images/Normal-1705.png,Normal,2,0.28206866972081696,0.3090738018004453
Normal/images/Normal-1706.png,Normal,2,0.36012322627886384,0.47245273736634424
Normal/images/Normal-1713.png,Normal,2,0.4310423214217979,0.39328525192490627
Normal/images/Normal-1753.png,Normal,2,0.34404680901206247,0.40871853531194097
Normal/images/Normal-1761.png,Normal,2,0.2904434119364617,0.34755119287646274
Normal/images/Normal-1762.png,Normal,2,0.4356014759266429,0.4949066185248421
Normal/images/Normal-1767.png,Normal,2,0.34782906891926546,0.4088046359269936
Normal/images/Normal-177.png,Normal,2,0.1629892672315764,0.18970002142948936
Normal/images/Normal-1770.png,Normal,2,0.2798167666069369,0.30092845901553655
Normal/images/Normal-1771.png,Normal,2,0.40098675117319404,0.5131490843718127
Normal/images/Normal-1774.png,Normal,2,0.30621658595832435,0.3534958806890079
Normal/images/Normal-1775.png,Normal,2,0.4140756321119857,0.508903830466153
Normal/images/Normal-1777.png,Normal,2,0.49092873954250515,0.411086700990815
Normal/images/Normal-1778.png,Normal,2,0.4618497191174265,0.5770804958205352
Normal/images/Normal-1795.png,Normal,2,0.4363662287587144,0.42463359736665646
Normal/images/Normal-1797.png,Normal,2,0.4023505972744066,0.35070758318833456
Normal/images/Normal-1799.png,Normal,2,0.44500582868417604,0.45987871336252273
Normal/images/Normal-1804.png,Normal,2,0.43401449208075815,0.5114604376990621
Normal/images/Normal-1815.png,Normal,2,0.35712552595556035,0.41023032092273476
Normal/images/Normal-1816.png,Normal,2,0.34002883483283924,0.28870925178378376
Normal/images/Normal-1819.png,Normal,2,0.32149143359918275,0.4701752780788246
Normal/images/Normal-1823.png,Normal,2,0.0947031861637255,0.20831144062171802
Normal/images/Normal-1829.png,Normal,2,0.36026278180150745,0.361828446159835
Normal/images/Normal-183.png,Normal,2,0.13426342669166447,0.3695386524380155
Normal/images/Normal-1839.png,Normal,2,0.4392599639109651,0.4646627340248432
Normal/images/Normal-1849.png,Normal,2,0.4623135845318642,0.4796032561250868
Normal/images/Normal-1853.png,Normal,2,0.3000384293832977,0.39987207256607404
Normal/images/Normal-1856.png,Normal,2,0.39051797843103137,0.418381327951822
Normal/images/Normal-1857.png,Normal,2,0.3889026473913766,0.37388311141400243
Normal/images/Normal-1861.png,Normal,2,0.39513764196363094,0.4621118649847511
Normal/images/Normal-1869.png,Normal,2,0.2998591589331434,0.4051496246827667
Normal/images/Normal-187.png,Normal,2,0.21903124155733264,0.3017664153873516
Normal/images/Normal-1873.png,Normal,2,0.48997266749813684,0.44455722497703287
Normal/images/Normal-1887.png,Normal,2,0.3086297975287135,0.37426115207695976
Normal/images/Normal-1889.png,Normal,2,0.33645883166369356,0.3869231140418543
Normal/images/Normal-1891.png,Normal,2,0.4532017170459841,0.447592950826925
Normal/images/Normal-1892.png,Normal,2,0.3731083905226052,0.3730343119241664
Normal/images/Normal-1893.png,Normal,2,0.4061202125127062,0.49228427235006367
Normal/images/Normal-19.png,Normal,2,0.453510940587237,0.4237072071254588
Normal/images/Normal-1901.png,Normal,2,0.26803449360447773,0.3407585878969354
Normal/images/Normal-1907.png,Normal,2,0.41670956905254236,0.45907844814922744
Normal/images/Normal-1908.png,Normal,2,0.40055524651944446,0.35523942109565027
Normal/images/Normal-1915.png,Normal,2,0.2978092285914327,0.19624440570977922
Normal/images/Normal-1926.png,Normal,2,0.36409819578500496,0.5153592982678187
Normal/images/Normal-1934.png,Normal,2,0.35797447251652936,0.42371994585759126
Normal/images/Normal-1941.png,Normal,2,0.3275003835125483,0.3975049445500809
Normal/images/Normal-1942.png,Normal,2,0.3422571300562252,0.30467518663465537
Normal/images/Normal-1946.png,Normal,2,0.37956964133974025,0.43499701764677723
Normal/images/Normal-195.png,Normal,2,0.1348677515876601,0.1999385227749954
Normal/images/Normal-1950.png,Normal,2,0.3621921981140527,0.46858704515439714
Normal/images/Normal-1952.png,Normal,2,0.23398740042195224,0.2880471878149232
Normal/images/Normal-1963.png,Normal,2,0.4525535466418687,0.4513229296858806
Normal/images/Normal-1977.png,Normal,2,0.37845314784031325,0.4729187487909748
Normal/images/Normal-1979.png,Normal,2,0.35353837323781,0.41260613850396904
Normal/images/Normal-1981.png,Normal,2,0.3247475936378761,0.34979389728270355
Normal/images/Normal-1982.png,Normal,2,0.4625497504139358,0.4909818110141379
Normal/images/Normal-1983.png,Normal,2,0.4287625022260318,0.5012074138919527
Normal/images/Normal-1984.png,Normal,2,0.33241408425907903,0.4535642971180011
Normal/images/Normal-1988.png,Normal,2,0.4568913263870115,0.4766152630417547
Normal/images/Normal-1989.png,Normal,2,0.40989886524073377,0.37364369887064824
Normal/images/Normal-1992.png,Normal,2,0.3740406487034908,0.4395396115849116
Normal/images/Normal-2005.png,Normal,2,0.4429721868370721,0.466155876633693
Normal/images/Normal-2023.png,Normal,2,0.4208170022804707,0.42280383540011685
Normal/images/Normal-2040.png,Normal,2,0.36750156898282826,0.42364953453771415
Normal/images/Normal-2064.png,Normal,2,0.2665250634467016,0.3682341114619221
Normal/images/Normal-2070.png,Normal,2,0.40232203304755515,0.43426958700352697
Normal/images/Normal-2073.png,Normal,2,0.3600926451850883,0.39566625180587645
Normal/images/Normal-2074.png,Normal,2,0.3708236462204367,0.4655728227506129
Normal/images/Normal-2075.png,Normal,2,0.39086433381277774,0.4016968223475909
Normal/images/Normal-2085.png,Normal,2,0.4097151960424827,0.39277733295339823
Normal/images/Normal-2092.png,Normal,2,0.3870471896745147,0.524195739461195
Normal/images/Normal-210.png,Normal,2,0.1659235290035133,0.2275160749046215
Normal/images/Normal-2108.png,Normal,2,0.3424776937713375,0.4592116851721935
Normal/images/Normal-2120.png,Normal,2,0.4023914020028216,0.4577342299524559
Normal/images/Normal-2126.png,Normal,2,0.4373879010460049,0.4422569820638801
Normal/images/Normal-214.png,Normal,2,0.21218428373344386,0.2665772456232959
Normal/images/Normal-2140.png,Normal,2,0.4893902890748032,0.5740390060585311
Normal/images/Normal-2147.png,Normal,2,0.3985217334640718,0.4207225579291978
Normal/images/Normal-2157.png,Normal,2,0.41413120568491946,0.40576306280323565
Normal/images/Normal-2159.png,Normal,2,0.38204815638012984,0.4502760317109336
Normal/images/Normal-217.png,Normal,2,0.18896347547976772,0.16650028677257867
Normal/images/Normal-2174.png,Normal,2,0.33307847056389484,0.34656220598192145
Normal/images/Normal-2176.png,Normal,2,0.37203319811425245,0.3836327217734469
Normal/images/Normal-2177.png,Normal,2,0.44531026579790617,0.4168090894773335
Normal/images/Normal-2183.png,Normal,2,0.4450936939418564,0.45326412003109484
Normal/images/Normal-2198.png,Normal,2,0.36497497520707955,0.45409057763689475
Normal/images/Normal-2209.png,Normal,2,0.4516291557135559,0.4444876957264045
Normal/images/Normal-2210.png,Normal,2,0.4013671456977532,0.40988827092696506
Normal/images/Normal-222.png,Normal,2,0.2256797666411925,0.07849408886849928
Normal/images/Normal-2220.png,Normal,2,0.29299048025814745,0.38780209086671485
Normal/images/Normal-2231.png,Normal,2,0.3389506391010706,0.39985789352157497
Normal/images/Normal-226.png,Normal,2,0.25520104398006677,0.2102457973207843
Normal/images/Normal-2261.png,Normal,2,0.24253716694092997,0.3674572994841401
Normal/images/Normal-2274.png,Normal,2,0.37685357875029774,0.4527420559283508
Normal/images/Normal-2278.png,Normal,2,0.28994182599879575,0.37882479485100523
Normal/images/Normal-2281.png,Normal,2,0.3487119944285035,0.3923456906466546
Normal/images/Normal-2289.png,Normal,2,0.3635893910258043,0.3358184335661945
Normal/images/Normal-2291.png,Normal,2,0.37365280950366714,0.46424743357310416
Normal/images/Normal-2297.png,Normal,2,0.4053372480120081,0.4292122125122858
Normal/images/Normal-2305.png,Normal,2,0.2574675237206172,0.4005831858690471
Normal/images/Normal-2307.png,Normal,2,0.3864460469671169,0.36333392297384803
Normal/images/Normal-2313.png,Normal,2,0.3466733465909127,0.31650521231789414
Normal/images/Normal-2317.png,Normal,2,0.16893707288202586,0.47092478800296717
Normal/images/Normal-2319.png,Normal,2,0.24843441386372414,0.3559852877271459
Normal/images/Normal-2324.png,Normal,2,0.47513034978141805,0.4738539034412474
Normal/images/Normal-2327.png,Normal,2,0.39291927661216025,0.4685181662635771
Normal/images/Normal-2328.png,Normal,2,0.3654308774944418,0.4246209150727929
Normal/images/Normal-2329.png,Normal,2,0.3939913751682328,0.48518209486844516
Normal/images/Normal-2330.png,Normal,2,0.4548754447978218,0.44050420271938784
Normal/images/Normal-2334.png,Normal,2,0.46217345132220566,0.44036258851341986
Normal/images/Normal-2342.png,Normal,2,0.3749256890781242,0.3542936345587886
Normal/images/Normal-2345.png,Normal,2,0.2029429453103709,0.23759648872294323
Normal/images/Normal-2356.png,Normal,2,0.36168228996242885,0.4277228168927393
Normal/images/Normal-2369.png,Normal,2,0.42298213302294996,0.3827203533315368
Normal/images/Normal-2370.png,Normal,2,0.429415872162571,0.49994521439380873
Normal/images/Normal-2374.png,Normal,2,0.3853037845473473,0.4144168321708572
Normal/images/Normal-2376.png,Normal,2,0.38510125923771293,0.48642769049276274
Normal/images/Normal-2378.png,Normal,2,0.3813988311906701,0.4134395049566345
Normal/images/Normal-2380.png,Normal,2,0.23487388375240556,0.3002205564816217
Normal/images/Normal-2392.png,Normal,2,0.15454895854887069,0.37033921484779564
Normal/images/Normal-2397.png,Normal,2,0.48346991993148747,0.35774308064326016
Normal/images/Normal-24.png,Normal,2,0.42130713614707,0.4532526580394517
Normal/images/Normal-2403.png,Normal,2,0.3104131218211419,0.44903843122787496
Normal/images/Normal-2404.png,Normal,2,0.3389811566822814,0.2406746119226832
Normal/images/Normal-2405.png,Normal,2,0.23076513684923972,0.5022842722085067
Normal/images/Normal-2407.png,Normal,2,0.39425478430471034,0.4226047649590361
Normal/images/Normal-2409.png,Normal,2,0.42470947601954373,0.4043822373490757
Normal/images/Normal-2420.png,Normal,2,0.38398743329404295,0.393655054966663
Normal/images/Normal-2421.png,Normal,2,0.33874902071774177,0.4406010125094641
Normal/images/Normal-2426.png,Normal,2,0.34232453798107676,0.3834488783838862
Normal/images/Normal-2427.png,Normal,2,0.34315154812854864,0.5264635329993282
Normal/images/Normal-2429.png,Normal,2,0.4318254179082363,0.501681845044717
Normal/images/Normal-2433.png,Normal,2,0.36921691171656923,0.4586309317933787
Normal/images/Normal-2437.png,Normal,2,0.3114324416738831,0.5281732950945002
Normal/images/Normal-2446.png,Normal,2,0.348269419705168,0.38817717143642166
Normal/images/Normal-2455.png,Normal,2,0.35724993644171255,0.4524556173668922
Normal/images/Normal-246.png,Normal,2,0.19178847057143275,0.28995256087848303
Normal/images/Normal-2473.png,Normal,2,0.3429865216583091,0.39299797175369233
Normal/images/Normal-2481.png,Normal,2,0.35243563152464524,0.39360133317488166
Normal/images/Normal-2484.png,Normal,2,0.4378222418831679,0.5292419338795448
Normal/images/Normal-2487.png,Normal,2,0.2216460855248404,0.33240396157418683
Normal/images/Normal-2494.png,Normal,2,0.3490572491409662,0.4205058951466036
Normal/images/Normal-2498.png,Normal,2,0.32238526933806616,0.4138957452817271
Normal/images/Normal-25.png,Normal,2,0.3555616302731511,0.37351737043411587
Normal/images/Normal-2515.png,Normal,2,0.34481731330780757,0.47218389576344644
Normal/images/Normal-2516.png,Normal,2,0.4294959386334026,0.3631987436669541
Normal/images/Normal-252.png,Normal,2,0.16449786382243559,0.17440789661401018
Normal/images/Normal-2520.png,Normal,2,0.4328632388223353,0.41500511281569324
Normal/images/Normal-2521.png,Normal,2,0.31663760999176277,0.39314536072666073
Normal/images/Normal-2528.png,Normal,2,0.32842265015994443,0.33365546698726384
Normal/images/Normal-2538.png,Normal,2,0.4839881462066888,0.4551184608974801
Normal/images/Normal-2543.png,Normal,2,0.35138510217669505,0.3900331129939887
Normal/images/Normal-2548.png,Normal,2,0.44655311177347984,0.43346026213660743
Normal/images/Normal-2552.png,Normal,2,0.40336159249153675,0.4884746734154591
Normal/images/Normal-2563.png,Normal,2,0.29812314894218334,0.38716175551628523
Normal/images/Normal-2592.png,Normal,2,0.45703859673728053,0.4074654866918176
Normal/images/Normal-260.png,Normal,2,0.14916275361975875,0.2575380553999275
Normal/images/Normal-2620.png,Normal,2,0.39503454866421955,0.44793826381107077
Normal/images/Normal-2624.png,Normal,2,0.3854764014894807,0.47746695256486277
Normal/images/Normal-2625.png,Normal,2,0.3311720635194151,0.37179795714052
Normal/images/Normal-2641.png,Normal,2,0.4239016243565335,0.37131080514416176
Normal/images/Normal-2645.png,Normal,2,0.4456942502300435,0.46990323044797633
Normal/images/Normal-2655.png,Normal,2,0.40482236045516196,0.46126468714428487
Normal/images/Normal-2680.png,Normal,2,0.38581381957235755,0.41206211048702795
Normal/images/Normal-2686.png,Normal,2,0.3803837096585494,0.4269837737069216
Normal/images/Normal-2693.png,Normal,2,0.3727746275921025,0.4958253795610765
Normal/images/Normal-270.png,Normal,2,0.20714969148336368,0.09554986435691022
Normal/images/Normal-2706.png,Normal,2,0.43825088280659186,0.5049351395587721
Normal/images/Normal-2721.png,Normal,2,0.42732463403929727,0.4852369543600485
Normal/images/Normal-2722.png,Normal,2,0.4008792427740264,0.40960973358596275
Normal/images/Normal-2753.png,Normal,2,0.37477958109765874,0.3964348302048298
Normal/images/Normal-2771.png,Normal,2,0.3199279515913231,0.380984644168573
Normal/images/Normal-2778.png,Normal,2,0.40064553095715344,0.43197636644893195
Normal/images/Normal-2780.png,Normal,2,0.4300596661181749,0.46944580469548935
Normal/images/Normal-2784.png,Normal,2,0.39841705361345686,0.4390115929499046
Normal/images/Normal-2788.png,Normal,2,0.312919588368056,0.364353303973059
Normal/images/Normal-2793.png,Normal,2,0.4285400993048146,0.4646941954757201
Normal/images/Normal-2801.png,Normal,2,0.27077235888528106,0.4418512246321809
Normal/images/Normal-281.png,Normal,2,0.19001762480455578,0.16910436644901158
Normal/images/Normal-2812.png,Normal,2,0.35867875678010513,0.405486820826701
Normal/images/Normal-2814.png,Normal,2,0.37598780833815487,0.4557940445547645
Normal/images/Normal-2819.png,Normal,2,0.4454479414119352,0.43299307898304307
Normal/images/Normal-2823.png,Normal,2,0.37920558535808074,0.44694073243871835
Normal/images/Normal-2840.png,Normal,2,0.48209188889612337,0.4737284461867076
Normal/images/Normal-2871.png,Normal,2,0.3903307927369251,0.4043382241417708
Normal/images/Normal-2872.png,Normal,2,0.23829309825166892,0.306481095622727
Normal/images/Normal-2874.png,Normal,2,0.4230156683276557,0.3990617267830582
Normal/images/Normal-289.png,Normal,2,0.17979567968040638,0.15673979697569929
Normal/images/Normal-2908.png,Normal,2,0.3436906584428163,0.5025174497769166
Normal/images/Normal-291.png,Normal,2,0.2563919008631048,0.2603340607098877
Normal/images/Normal-2915.png,Normal,2,0.4909090381604772,0.41592483692893023
Normal/images/Normal-2920.png,Normal,2,0.4301141760863103,0.4827960343613811
Normal/images/Normal-2921.png,Normal,2,0.3319360412780284,0.41073856788867497
Normal/images/Normal-2923.png,Normal,2,0.42642265711616006,0.4821684378319581
Normal/images/Normal-2925.png,Normal,2,0.3653076122559625,0.477899254799742
Normal/images/Normal-2927.png,Normal,2,0.39274699965081106,0.42121918544266534
Normal/images/Normal-293.png,Normal,2,0.2627505649663458,0.22637354236565546
Normal/images/Normal-2931.png,Normal,2,0.3603416544972756,0.4385289065668066
Normal/images/Normal-2946.png,Normal,2,0.45230416999856604,0.5174890063764018
Normal/images/Normal-2955.png,Normal,2,0.36206807736390095,0.4399002884403714
Normal/images/Normal-2956.png,Normal,2,0.3619859981784602,0.46237492787164025
Normal/images/Normal-2961.png,Normal,2,0.40533936544806787,0.3845299130965101
Normal/images/Normal-2983.png,Normal,2,0.409577810514018,0.42331421865435304
Normal/images/Normal-2984.png,Normal,2,0.4078347049867259,0.5514019023676902
Normal/images/Normal-2992.png,Normal,2,0.423474976243372,0.5127573544788071
Normal/images/Normal-2997.png,Normal,2,0.14520321491893104,0.29737167465894254
Normal/images/Normal-300.png,Normal,2,0.13586573336119948,0.14465343904377492
Normal/images/Normal-301.png,Normal,2,0.2113613229032561,0.4175562955414504
Normal/images/Normal-3010.png,Normal,2,0.47474716571862424,0.4751918351097667
Normal/images/Normal-3029.png,Normal,2,0.38317579484367686,0.3351416359546191
Normal/images/Normal-3035.png,Normal,2,0.35117561825064264,0.34247958239569404
Normal/images/Normal-3038.png,Normal,2,0.432595876701698,0.36479349803462646
Normal/images/Normal-3048.png,Normal,2,0.39146932146509433,0.5100454363883528
Normal/images/Normal-3054.png,Normal,2,0.36613950593047234,0.440908709330418
Normal/images/Normal-3079.png,Normal,2,0.4831022006931513,0.5452836919413564
Normal/images/Normal-3081.png,Normal,2,0.4178386413509443,0.4598033393536137
Normal/images/Normal-3085.png,Normal,2,0.36335339915205195,0.46327249792553954
Normal/images/Normal-3087.png,Normal,2,0.3918292660111466,0.4004877438543884
Normal/images/Normal-3088.png,Normal,2,0.35467729211595955,0.36000921042881173
Normal/images/Normal-3089.png,Normal,2,0.41459741521010013,0.5323814928645569
Normal/images/Normal-3096.png,Normal,2,0.5045147033954719,0.5430423635386801
Normal/images/Normal-3100.png,Normal,2,0.39989738709859496,0.355141012641277
Normal/images/Normal-3109.png,Normal,2,0.4115000383790185,0.42882690798907896
Normal/images/Normal-3114.png,Normal,2,0.4422239561938565,0.4740718511845063
Normal/images/Normal-3118.png,Normal,2,0.5352425910072462,0.4659864212109831
Normal/images/Normal-3143.png,Normal,2,0.36984125511658483,0.4480546029305061
Normal/images/Normal-3147.png,Normal,2,0.39501239751474987,0.39310438412510573
Normal/images/Normal-3149.png,Normal,2,0.3923834984673919,0.4384078466198801
Normal/images/Normal-3152.png,Normal,2,0.35762250153504926,0.3928919284037143
Normal/images/Normal-3162.png,Normal,2,0.3975546046939968,0.42665621801938997
Normal/images/Normal-3164.png,Normal,2,0.4943251151643542,0.4250965788899782
Normal/images/Normal-3168.png,Normal,2,0.44707201399734775,0.45730949455060743
Normal/images/Normal-3183.png,Normal,2,0.45036930694475896,0.47207979933252314
Normal/images/Normal-319.png,Normal,2,0.1986801274553175,0.4247411690438187
Normal/images/Normal-320.png,Normal,2,0.2071647532849275,0.2462537946296951
Normal/images/Normal-3206.png,Normal,2,0.24597615607722367,0.3396249090532075
Normal/images/Normal-3209.png,Normal,2,0.596076329330173,0.40891949711000025
Normal/images/Normal-3212.png,Normal,2,0.4288805268785349,0.48519094433545956
Normal/images/Normal-3213.png,Normal,2,0.43083074208722166,0.4474102218068565
Normal/images/Normal-3218.png,Normal,2,0.45819524080213614,0.4669951514195551
Normal/images/Normal-3223.png,Normal,2,0.38513114257256814,0.433088636956023
Normal/images/Normal-3224.png,Normal,2,0.30372696736394594,0.4428519088057181
Normal/images/Normal-3225.png,Normal,2,0.42920700365937264,0.3930304943282552
Normal/images/Normal-3241.png,Normal,2,0.3862388718456904,0.4398436953406406
Normal/images/Normal-3263.png,Normal,2,0.3280560696802907,0.34712220821397743
Normal/images/Normal-3265.png,Normal,2,0.3908347691072325,0.4812743642158248
Normal/images/Normal-3273.png,Normal,2,0.27860347584579226,0.4151917528385374
Normal/images/Normal-3275.png,Normal,2,0.35867654326009923,0.39332448506113166
Normal/images/Normal-3276.png,Normal,2,0.4166115683159116,0.42703397228380935
Normal/images/Normal-3283.png,Normal,2,0.46592385829788946,0.4306795398049881
Normal/images/Normal-330.png,Normal,2,0.2807585155755067,0.29181602585018507
Normal/images/Normal-3302.png,Normal,2,0.38948151907247325,0.4703427556427939
Normal/images/Normal-3316.png,Normal,2,0.46024728858686037,0.4789290900105706
Normal/images/Normal-3318.png,Normal,2,0.4614087081324653,0.42209040125540187
Normal/images/Normal-3323.png,Normal,2,0.3727028721067678,0.3190890716792102
Normal/images/Normal-3330.png,Normal,2,0.34264701784405754,0.3595483302772152
Normal/images/Normal-3339.png,Normal,2,0.30035981429044123,0.4679098711104211
Normal/images/Normal-3349.png,Normal,2,0.35153074855687483,0.42616082304614883
Normal/images/Normal-3352.png,Normal,2,0.3858236234318578,0.4611481386066354
Normal/images/Normal-3368.png,Normal,2,0.4150554655041121,0.41897950974592635
Normal/images/Normal-3371.png,Normal,2,0.4423894619410921,0.4444749025061897
Normal/images/Normal-3379.png,Normal,2,0.3838240757221817,0.4094512708104361
Normal/images/Normal-3391.png,Normal,2,0.4267729143374988,0.37931353312299393
Normal/images/Normal-3405.png,Normal,2,0.33526320074106886,0.37346269283251243
Normal/images/Normal-3418.png,Normal,2,0.4873130325378504,0.5776993560058684
Normal/images/Normal-3422.png,Normal,2,0.41942558103431643,0.42026417600427457
Normal/images/Normal-3428.png,Normal,2,0.4049830215680312,0.3947626390450679
Normal/images/Normal-3429.png,Normal,2,0.4739605181481969,0.4089328353683375
Normal/images/Normal-3433.png,Normal,2,0.3291063254359935,0.36706315724054356
Normal/images/Normal-3436.png,Normal,2,0.4060073430362088,0.4598885413787148
Normal/images/Normal-3437.png,Normal,2,0.4701695379789832,0.49100441383748983
Normal/images/Normal-3438.png,Normal,2,0.44901996379722037,0.395833848804262
Normal/images/Normal-345.png,Normal,2,0.08029904391008925,0.20929373537550547
Normal/images/Normal-3453.png,Normal,2,0.3786106404626843,0.44644972291716445
Normal/images/Normal-3455.png,Normal,2,0.38802337946923,0.38523715622820087
Normal/images/Normal-3465.png,Normal,2,0.39935494143960826,0.4979007324420253
Normal/images/Normal-3470.png,Normal,2,0.3878089675417617,0.45089800747641856
Normal/images/Normal-3474.png,Normal,2,0.3956491240706849,0.39622746960587035
Normal/images/Normal-3476.png,Normal,2,0.35671908562474686,0.4387674243799719
Normal/images/Normal-348.png,Normal,2,0.24118056420536702,0.29756014328243635
Normal/images/Normal-3485.png,Normal,2,0.3828061607226219,0.412210002452221
Normal/images/Normal-3486.png,Normal,2,0.4131022873445914,0.4168350532918063
Normal/images/Normal-3492.png,Normal,2,0.38202620051207575,0.45279977553929757
Normal/images/Normal-3511.png,Normal,2,0.4300219239538267,0.44671124873177653
Normal/images/Normal-3516.png,Normal,2,0.4225041793067672,0.41307753876270364
Normal/images/Normal-3528.png,Normal,2,0.4410184405337202,0.49843677395891084
Normal/images/Normal-3530.png,Normal,2,0.41539954893334136,0.4322980747923168
Normal/images/Normal-3532.png,Normal,2,0.35973723153286996,0.4532628827359641
Normal/images/Normal-3536.png,Normal,2,0.42787273817821186,0.43851414683775025
Normal/images/Normal-3542.png,Normal,2,0.4177467554505724,0.39165187031067417
Normal/images/Normal-3549.png,Normal,2,0.4217222916524155,0.4909889279619527
Normal/images/Normal-3555.png,Normal,2,0.3351733285066103,0.3549679482828124
Normal/images/Normal-3559.png,Normal,2,0.38442540196813557,0.3502424751330848
Normal/images/Normal-3565.png,Normal,2,0.43600867793725956,0.45976955042600703
Normal/images/Normal-3566.png,Normal,2,0.440187021563699,0.45683368905727495
Normal/images/Normal-3567.png,Normal,2,0.3375332429652524,0.3811584937675875
Normal/images/Normal-3594.png,Normal,2,0.42270885884649956,0.3393582999265162
Normal/images/Normal-3599.png,Normal,2,0.39076148279535255,0.4331421062504561
Normal/images/Normal-36.png,Normal,2,0.44503679945437663,0.4074403889632537
Normal/images/Normal-3604.png,Normal,2,0.40010331520410974,0.3449809711732022
Normal/images/Normal-3609.png,Normal,2,0.2842878585270611,0.2959281111532169
Normal/images/Normal-3610.png,Normal,2,0.1901521331609891,0.3856829292879374
Normal/images/Normal-3618.png,Normal,2,0.40796864056109067,0.4433545496464329
Normal/images/Normal-363.png,Normal,2,0.13517021713045452,0.18323392774178276
Normal/images/Normal-3642.png,Normal,2,0.4006179548354421,0.4601003367375887
Normal/images/Normal-3643.png,Normal,2,0.48090498845656465,0.49171392487416254
Normal/images/Normal-3645.png,Normal,2,0.35183280194797095,0.4056917287460184
Normal/images/Normal-3653.png,Normal,2,0.3127797955421995,0.48862198238877236
Normal/images/Normal-3655.png,Normal,2,0.2903943007448379,0.23032678913656157
Normal/images/Normal-3657.png,Normal,2,0.40143285921790556,0.42371174444572957
Normal/images/Normal-3667.png,Normal,2,0.43793540808285397,0.4143631912412344
Normal/images/Normal-367.png,Normal,2,0.22443553788097864,0.21052131092611304
Normal/images/Normal-3673.png,Normal,2,0.24923218457431517,0.2942747069917077
Normal/images/Normal-3683.png,Normal,2,0.35691037063987624,0.36499891973883614
Normal/images/Normal-3686.png,Normal,2,0.40718326424282664,0.4611616136406438
Normal/images/Normal-369.png,Normal,2,0.10883758459254976,0.22101094437855204
Normal/images/Normal-3692.png,Normal,2,0.4003666840419441,0.4312546859315266
Normal/images/Normal-3693.png,Normal,2,0.33027071582451967,0.38407705681110726
Normal/images/Normal-3701.png,Normal,2,0.3913191158340251,0.37917806394203085
Normal/images/Normal-3710.png,Normal,2,0.4287458871711403,0.43008599589198776
Normal/images/Normal-3719.png,Normal,2,0.45018183191260536,0.5032846650006285
Normal/images/Normal-372.png,Normal,2,0.16409942036539532,0.26415395767468863
Normal/images/Normal-3721.png,Normal,2,0.3978705859723234,0.4771187234785843
Normal/images/Normal-3722.png,Normal,2,0.24793239958014557,0.4161369805004011
Normal/images/Normal-3731.png,Normal,2,0.3260399102514753,0.4293587357452893
Normal/images/Normal-3733.png,Normal,2,0.3641975939913747,0.2855100418185738
Normal/images/Normal-3737.png,Normal,2,0.5248344037813404,0.48077580088421207
Normal/images/Normal-3739.png,Normal,2,0.3593370914004856,0.4215006254312258
Normal/images/Normal-3740.png,Normal,2,0.42081909323010996,0.3683967595997792
Normal/images/Normal-3741.png,Normal,2,0.494978712093768,0.43779016525199077
Normal/images/Normal-3745.png,Normal,2,0.40321313577433027,0.4063271791928209
Normal/images/Normal-3758.png,Normal,2,0.2899544165257625,0.3385050084176892
Normal/images/Normal-3773.png,Normal,2,0.4314950237216092,0.4329731257371979
Normal/images/Normal-3777.png,Normal,2,0.27913022844195173,0.30531439531000626
Normal/images/Normal-3782.png,Normal,2,0.4645135708006833,0.4435806979600034
Normal/images/Normal-3806.png,Normal,2,0.4356670971019262,0.4928471084602554
Normal/images/Normal-3815.png,Normal,2,0.4172532691568626,0.47979719204962307
Normal/images/Normal-3823.png,Normal,2,0.3799725870387494,0.39216735321221263
Normal/images/Normal-3835.png,Normal,2,0.425259289880618,0.3956915525847942
Normal/images/Normal-3837.png,Normal,2,0.4944328542574278,0.4349008502851045
Normal/images/Normal-384.png,Normal,2,0.20122547147030584,0.1924792634128565
Normal/images/Normal-3841.png,Normal,2,0.3966039374938364,0.4605087385942588
Normal/images/Normal-3845.png,Normal,2,0.3129839763254603,0.39110052960715574
Normal/images/Normal-385.png,Normal,2,0.13301983335775633,0.38994633261824585
Normal/images/Normal-386.png,Normal,2,0.21829114417549664,0.161379144997303
Normal/images/Normal-3868.png,Normal,2,0.4124704313292185,0.39361767684870586
Normal/images/Normal-3873.png,Normal,2,0.15119211363986684,0.3866236113994876
Normal/images/Normal-3875.png,Normal,2,0.3854329002203185,0.4904705258578107
Normal/images/Normal-389.png,Normal,2,0.17662888500475601,0.33553625920900293
Normal/images/Normal-3891.png,Normal,2,0.40063638339801494,0.41092594097914176
Normal/images/Normal-3892.png,Normal,2,0.4657269803999536,0.49425953312590926
Normal/images/Normal-3894.png,Normal,2,0.5208509907797757,0.5187157911025783
Normal/images/Normal-3907.png,Normal,2,0.2948116435078024,0.335243612595574
Normal/images/Normal-3910.png,Normal,2,0.3188556536411935,0.5686438901614104
Normal/images/Normal-3920.png,Normal,2,0.37295474809723567,0.44846158197847674
Normal/images/Normal-3921.png,Normal,2,0.23755074904664364,0.28928109517065237
Normal/images/Normal-3943.png,Normal,2,0.44271021324167986,0.4696262784745597
Normal/images/Normal-3960.png,Normal,2,0.3186460378204501,0.3614991445477431
Normal/images/Normal-3969.png,Normal,2,0.3227042371929209,0.4301164849566404
Normal/images/Normal-3975.png,Normal,2,0.3570254559993652,0.4548318271751603
Normal/images/Normal-3981.png,Normal,2,0.4674392648090794,0.4845810674432962
Normal/images/Normal-3997.png,Normal,2,0.35049382484539915,0.3732067755613821
Normal/images/Normal-40.png,Normal,2,0.38046958210614235,0.4510064311816444
Normal/images/Normal-4005.png,Normal,2,0.35194691495268066,0.41445565901710313
Normal/images/Normal-4006.png,Normal,2,0.2618953111504372,0.4539601310603802
Normal/images/Normal-4007.png,Normal,2,0.4980984450240694,0.531673456289668
Normal/images/Normal-4010.png,Normal,2,0.385281512054934,0.35848060290645106
Normal/images/Normal-4012.png,Normal,2,0.44507170237931387,0.471403621925231
Normal/images/Normal-4014.png,Normal,2,0.24358642839481884,0.3895070677419892
Normal/images/Normal-4023.png,Normal,2,0.2659420746274179,0.3003139046566024
Normal/images/Normal-403.png,Normal,2,0.32563498555491466,0.33684749614345477
Normal/images/Normal-4031.png,Normal,2,0.2851111021742497,0.4215104049392745
Normal/images/Normal-4040.png,Normal,2,0.38662950354184844,0.4565268359020038
Normal/images/Normal-4041.png,Normal,2,0.37948768793704035,0.29262045142545057
Normal/images/Normal-4053.png,Normal,2,0.3597082844979924,0.40817587095884866
Normal/images/Normal-4059.png,Normal,2,0.3801185520461704,0.39839735871171156
Normal/images/Normal-4076.png,Normal,2,0.3914996129394464,0.4821121823306326
Normal/images/Normal-4077.png,Normal,2,0.40106871725174725,0.44865361020405414
Normal/images/Normal-4084.png,Normal,2,0.34343164755984185,0.38631806383503814
Normal/images/Normal-4090.png,Normal,2,0.4047317107466917,0.34230156762529906
Normal/images/Normal-4104.png,Normal,2,0.33777935262625264,0.36423723262668134
Normal/images/Normal-4108.png,Normal,2,0.49012997747220394,0.4379973781593205
Normal/images/Normal-411.png,Normal,2,0.18008680078827943,0.12672114019752093
Normal/images/Normal-4119.png,Normal,2,0.4643086085471597,0.5095666890461601
Normal/images/Normal-4121.png,Normal,2,0.3857408363981102,0.46920582109458536
Normal/images/Normal-4124.png,Normal,2,0.4201672519827602,0.5467617017124274
Normal/images/Normal-4128.png,Normal,2,0.3878642121512224,0.45727312381969093
Normal/images/Normal-4134.png,Normal,2,0.3769662892378249,0.4248581251669877
Normal/images/Normal-4137.png,Normal,2,0.35338032078076753,0.3658821483468688
Normal/images/Normal-4141.png,Normal,2,0.34831796304106566,0.3586462454758779
Normal/images/Normal-4144.png,Normal,2,0.3152536993319715,0.435037168084836
Normal/images/Normal-4163.png,Normal,2,0.3703124887937838,0.4112629985993645
Normal/images/Normal-4170.png,Normal,2,0.3976645467100959,0.4216027608794143
Normal/images/Normal-4180.png,Normal,2,0.297695782550985,0.3657119975517368
Normal/images/Normal-4187.png,Normal,2,0.24899786159073814,0.3548810560968555
Normal/images/Normal-4205.png,Normal,2,0.29920599996992936,0.19043561285725402
Normal/images/Normal-4214.png,Normal,2,0.4376016572923344,0.45920809712057303
Normal/images/Normal-422.png,Normal,2,0.19844281725177584,0.3002906659980417
Normal/images/Normal-4222.png,Normal,2,0.3432276031977191,0.43106909149460737
Normal/images/Normal-4231.png,Normal,2,0.32038864115229115,0.42727838100712556
Normal/images/Normal-4253.png,Normal,2,0.40219162012366444,0.4763489015768837
Normal/images/Normal-4254.png,Normal,2,0.2551300415398415,0.48948055833645115
Normal/images/Normal-4261.png,Normal,2,0.35798201484680553,0.33734820547591077
Normal/images/Normal-4262.png,Normal,2,0.37374767066296555,0.44861756477153675
Normal/images/Normal-428.png,Normal,2,0.2019088957365672,0.12780881535603877
Normal/images/Normal-4286.png,Normal,2,0.39491487828098104,0.21517973278264735
Normal/images/Normal-429.png,Normal,2,0.278652867920835,0.2055816337475925
Normal/images/Normal-4290.png,Normal,2,0.43607548303199967,0.4337652352873211
Normal/images/Normal-4300.png,Normal,2,0.3905025492829255,0.4263571950296392
Normal/images/Normal-4310.png,Normal,2,0.4451385617166637,0.4579479474859093
Normal/images/Normal-4316.png,Normal,2,0.46503860634734756,0.4351678494908253
Normal/images/Normal-4317.png,Normal,2,0.3298692827348199,0.4662467843548431
Normal/images/Normal-4318.png,Normal,2,0.3493150897803718,0.47066180522480017
Normal/images/Normal-432.png,Normal,2,0.20428483580488913,0.4791612842285738
Normal/images/Normal-4320.png,Normal,2,0.3936509695911493,0.49164540337881024
Normal/images/Normal-4321.png,Normal,2,0.3801459680455785,0.34481435488310536
Normal/images/Normal-4327.png,Normal,2,0.35645519807477727,0.32799687202666117
Normal/images/Normal-4332.png,Normal,2,0.3462118421343391,0.5290843130340372
Normal/images/Normal-4333.png,Normal,2,0.1559286944051,0.218607310559536
Normal/images/Normal-4335.png,Normal,2,0.41046129201365766,0.4336705145141504
Normal/images/Normal-4343.png,Normal,2,0.34776245036539155,0.37200284280057916
Normal/images/Normal-4348.png,Normal,2,0.3991417027850677,0.46065875937263845
Normal/images/Normal-435.png,Normal,2,0.1654697727833356,0.12418231634095679
Normal/images/Normal-4360.png,Normal,2,0.5376961462930083,0.46885451071073786
Normal/images/Normal-4364.png,Normal,2,0.5941636677152659,0.4213902487091152
Normal/images/Normal-4369.png,Normal,2,0.35339543426704706,0.42729514088066234
Normal/images/Normal-4381.png,Normal,2,0.3963876743837442,0.38184776469017023
Normal/images/Normal-4384.png,Normal,2,0.33427267946166994,0.39078924280860505
Normal/images/Normal-4385.png,Normal,2,0.45746485455463765,0.5525198521531663
Normal/images/Normal-4392.png,Normal,2,0.24191763398471433,0.22378654304782172
Normal/images/Normal-4396.png,Normal,2,0.38740926658974734,0.43849663872545547
Normal/images/Normal-441.png,Normal,2,0.3853581771255618,0.19748973016459098
Normal/images/Normal-4426.png,Normal,2,0.3786752719319362,0.4155960278132821
Normal/images/Normal-4432.png,Normal,2,0.39617267365743813,0.4376328454147923
Normal/images/Normal-4435.png,Normal,2,0.4431423012940661,0.4195964660279464
Normal/images/Normal-444.png,Normal,2,0.38239105347732444,0.40698185890945227
Normal/images/Normal-4441.png,Normal,2,0.483006616515659,0.5000720824672246
Normal/images/Normal-4442.png,Normal,2,0.3670423785427079,0.4289560019478938
Normal/images/Normal-4462.png,Normal,2,0.3971773724666831,0.43434173034191237
Normal/images/Normal-4473.png,Normal,2,0.06685495314397032,0.28111935772671626
Normal/images/Normal-4481.png,Normal,2,0.3190054246261476,0.3759659358088186
Normal/images/Normal-4483.png,Normal,2,0.4435688933161674,0.49008406395976273
Normal/images/Normal-4487.png,Normal,2,0.4625148000349331,0.5485688235074154
Normal/images/Normal-4494.png,Normal,2,0.4289546966474021,0.46709622745514545
Normal/images/Normal-4495.png,Normal,2,0.36533121040706545,0.42621733294560316
Normal/images/Normal-4503.png,Normal,2,0.40377331338205175,0.43038117142694793
Normal/images/Normal-4504.png,Normal,2,0.48295195232939825,0.5105870251156059
Normal/images/Normal-4514.png,Normal,2,0.48998775631450203,0.4315228976503982
Normal/images/Normal-4522.png,Normal,2,0.353808688471102,0.42131426706253156
Normal/images/Normal-4526.png,Normal,2,0.4011543634191768,0.4161562582837701
Normal/images/Normal-4528.png,Normal,2,0.43660940847096175,0.5115363019215678
Normal/images/Normal-4535.png,Normal,2,0.4343121884752357,0.4111973988335521
Normal/images/Normal-4541.png,Normal,2,0.39626948689681296,0.3852080597991159
Normal/images/Normal-4560.png,Normal,2,0.25624299806969597,0.38626523471091795
Normal/images/Normal-4561.png,Normal,2,0.37666206417299447,0.3977801847828646
Normal/images/Normal-4583.png,Normal,2,0.3732398063898555,0.46434581812682807
Normal/images/Normal-4588.png,Normal,2,0.49395638254501417,0.5692548272948169
Normal/images/Normal-459.png,Normal,2,0.10978754482543993,0.3087471638799696
Normal/images/Normal-4590.png,Normal,2,0.42422823874307547,0.4360727141817686
Normal/images/Normal-4592.png,Normal,2,0.40508600149104607,0.3961177432121052
Normal/images/Normal-4599.png,Normal,2,0.25741567271307864,0.3906354573555322
Normal/images/Normal-4604.png,Normal,2,0.22443911628265106,0.2750209526818822
Normal/images/Normal-4605.png,Normal,2,0.2829167109963953,0.3691848224104631
Normal/images/Normal-4618.png,Normal,2,0.35904991487459414,0.41796149371760527
Normal/images/Normal-4620.png,Normal,2,0.3809930362410235,0.46642334606292013
Normal/images/Normal-4621.png,Normal,2,0.38219268074418455,0.3649256803985055
Normal/images/Normal-463.png,Normal,2,0.21264599194990333,0.24779547261132454
Normal/images/Normal-4635.png,Normal,2,0.3005618528942589,0.3685951840805971
Normal/images/Normal-464.png,Normal,2,0.27444483918378165,0.3909437356917155
Normal/images/Normal-4640.png,Normal,2,0.3618945309641408,0.3887032830308834
Normal/images/Normal-4643.png,Normal,2,0.4429207162959147,0.4590779268293139
Normal/images/Normal-4650.png,Normal,2,0.4079909833394756,0.48027673952611777
Normal/images/Normal-4653.png,Normal,2,0.4363588761526406,0.521602005453823
Normal/images/Normal-4660.png,Normal,2,0.34812087042139617,0.4518947884756727
Normal/images/Normal-4661.png,Normal,2,0.40571697960874165,0.40237626786962727
Normal/images/Normal-4666.png,Normal,2,0.3823652037913894,0.5021258513354873
Normal/images/Normal-4667.png,Normal,2,0.16384711101887417,0.2651487157900891
Normal/images/Normal-4674.png,Normal,2,0.18174467872716307,0.16223802634784584
Normal/images/Normal-4691.png,Normal,2,0.3873041467245619,0.4394219938144383
Normal/images/Normal-4694.png,Normal,2,0.3261783024404011,0.3935343050530734
Normal/images/Normal-4696.png,Normal,2,0.4136830717644175,0.42215424633666415
Normal/images/Normal-4697.png,Normal,2,0.32349451162167436,0.4156342707644901
Normal/images/Normal-4705.png,Normal,2,0.32055209861846556,0.2846030359995703
Normal/images/Normal-4716.png,Normal,2,0.43767252695205233,0.32563823077372184
Normal/images/Normal-4727.png,Normal,2,0.392594878377801,0.400588320928543
Normal/images/Normal-474.png,Normal,2,0.2664990586479719,0.35878858291642074
Normal/images/Normal-4744.png,Normal,2,0.42636696748376385,0.49391706820470166
Normal/images/Normal-4754.png,Normal,2,0.42738957074805484,0.3991826963512719
Normal/images/Normal-4765.png,Normal,2,0.3358499396683683,0.4274937021907381
Normal/images/Normal-4777.png,Normal,2,0.4303542813474251,0.47468111371757976
Normal/images/Normal-4791.png,Normal,2,0.43348105294029454,0.38893580134207556
Normal/images/Normal-4799.png,Normal,2,0.41650552993761103,0.4584962743033333
Normal/images/Normal-4803.png,Normal,2,0.1986306775088438,0.1592200797781993
Normal/images/Normal-4811.png,Normal,2,0.43726083628380724,0.43060156143098466
Normal/images/Normal-484.png,Normal,2,0.2836650608732067,0.34045693401428184
Normal/images/Normal-486.png,Normal,2,0.2340980120850162,0.15029649915934293
Normal/images/Normal-4862.png,Normal,2,0.45282101253038937,0.4383690811278526
Normal/images/Normal-4868.png,Normal,2,0.27102520196174773,0.35748042684446396
Normal/images/Normal-4869.png,Normal,2,0.28051714921183657,0.3705198710926308
Normal/images/Normal-4872.png,Normal,2,0.41934169331090193,0.4164318303629571
Normal/images/Normal-4879.png,Normal,2,0.47424121726337565,0.573112884059769
Normal/images/Normal-4882.png,Normal,2,0.4850693271023606,0.46500032643486755
Normal/images/Normal-4886.png,Normal,2,0.31082372209123726,0.3672048479895977
Normal/images/Normal-4888.png,Normal,2,0.35204108014948615,0.37817829251545976
Normal/images/Normal-4889.png,Normal,2,0.44627813097197894,0.5295218026007644
Normal/images/Normal-4896.png,Normal,2,0.3615444187630178,0.4096429780539681
Normal/images/Normal-49.png,Normal,2,0.2907606793368873,0.3438750664613416
Normal/images/Normal-4901.png,Normal,2,0.3327245357741587,0.386262824760672
Normal/images/Normal-4912.png,Normal,2,0.387334633201669,0.45111338967652004
Normal/images/Normal-4914.png,Normal,2,0.4122388194513378,0.47374961805399474
Normal/images/Normal-4925.png,Normal,2,0.3784522647955404,0.3282648740697813
Normal/images/Normal-4931.png,Normal,2,0.30998469349110025,0.3133206981362044
Normal/images/Normal-4936.png,Normal,2,0.34412234227534205,0.4453691449783306
Normal/images/Normal-4946.png,Normal,2,0.5133363024935794,0.4265279047045678
Normal/images/Normal-495.png,Normal,2,0.16072962926579423,0.1854627971963124
Normal/images/Normal-4954.png,Normal,2,0.3269421997089348,0.41054946836053713
Normal/images/Normal-496.png,Normal,2,0.06082217767826515,0.20862354372265562
Normal/images/Normal-4973.png,Normal,2,0.413226031672019,0.4198670212627362
Normal/images/Normal-4993.png,Normal,2,0.3993879720109215,0.3580413535074018
Normal/images/Normal-4998.png,Normal,2,0.41954364995441307,0.4613259305653754
Normal/images/Normal-5.png,Normal,2,0.38139545040509854,0.4075012521627045
Normal/images/Normal-5000.png,Normal,2,0.3304619208307633,0.3438085775898516
Normal/images/Normal-5004.png,Normal,2,0.3808089736276584,0.39309990768476116
Normal/images/Normal-5009.png,Normal,2,0.3379644437211018,0.40926705443801387
Normal/images/Normal-5015.png,Normal,2,0.3968444086303736,0.414459839323376
Normal/images/Normal-5018.png,Normal,2,0.39074889543049873,0.3903896205362778
Normal/images/Normal-5024.png,Normal,2,0.46274589864278765,0.540099954051939
Normal/images/Normal-5028.png,Normal,2,0.38252646598319623,0.5006911384496636
Normal/images/Normal-5033.png,Normal,2,0.45473586166854596,0.3342066342356847
Normal/images/Normal-5038.png,Normal,2,0.4145241139672931,0.4542652991693131
Normal/images/Normal-5040.png,Normal,2,0.34466423652483374,0.38617845606997614
Normal/images/Normal-5048.png,Normal,2,0.26374095712956247,0.4032579534293437
Normal/images/Normal-5056.png,Normal,2,0.3531754302148574,0.40800231011954496
Normal/images/Normal-5064.png,Normal,2,0.3407050984335758,0.42752494888157594
Normal/images/Normal-5065.png,Normal,2,0.2575517353692971,0.40848451685344295
Normal/images/Normal-507.png,Normal,2,0.29262098120610086,0.28786876396208155
Normal/images/Normal-508.png,Normal,2,0.22619970064231798,0.24467965453008014
Normal/images/Normal-5087.png,Normal,2,0.34471419132657277,0.38818890836195263
Normal/images/Normal-5097.png,Normal,2,0.311069992614403,0.306148167498331
Normal/images/Normal-5098.png,Normal,2,0.48506432170187624,0.40950721569991205
Normal/images/Normal-511.png,Normal,2,0.17722028211816238,0.46547867228575274
Normal/images/Normal-5114.png,Normal,2,0.4081174724071662,0.3352409673809317
Normal/images/Normal-5129.png,Normal,2,0.4301840284199569,0.45082971486623413
Normal/images/Normal-513.png,Normal,2,0.23829647181824115,0.2842942229902181
Normal/images/Normal-5131.png,Normal,2,0.3216655955109555,0.3870572236333044
Normal/images/Normal-5138.png,Normal,2,0.39174871956596174,0.33463125183400355
Normal/images/Normal-5142.png,Normal,2,0.4071349394220954,0.38484895312589945
Normal/images/Normal-5144.png,Normal,2,0.3203277156844752,0.39538693375394235
Normal/images/Normal-5147.png,Normal,2,0.4471568139905481,0.5131676763606547
Normal/images/Normal-5149.png,Normal,2,0.522247825905134,0.4591997303023835
Normal/images/Normal-5151.png,Normal,2,0.40081322441359246,0.39079920634804505
Normal/images/Normal-5159.png,Normal,2,0.3639009300063422,0.4684137995465351
Normal/images/Normal-5161.png,Normal,2,0.3985157040395555,0.4670613366111462
Normal/images/Normal-5173.png,Normal,2,0.3795090909102842,0.40471077771882713
Normal/images/Normal-5176.png,Normal,2,0.30208287856641935,0.37626045165062016
Normal/images/Normal-5181.png,Normal,2,0.2886121058255407,0.33823647652419825
Normal/images/Normal-5182.png,Normal,2,0.41770638132828447,0.4707693430641073
Normal/images/Normal-5199.png,Normal,2,0.41464430957841136,0.4802757327394077
Normal/images/Normal-5200.png,Normal,2,0.3020664508656356,0.42094152498580795
Normal/images/Normal-5210.png,Normal,2,0.33078085161602433,0.3030570907300684
Normal/images/Normal-5216.png,Normal,2,0.4711886061842554,0.4424235659814083
Normal/images/Normal-5217.png,Normal,2,0.41924453506873516,0.4255348272650042
Normal/images/Normal-5225.png,Normal,2,0.41834286871679705,0.514830979373474
Normal/images/Normal-5226.png,Normal,2,0.44735936164977846,0.5281447123773152
Normal/images/Normal-5227.png,Normal,2,0.41492557629616056,0.3753400042496432
Normal/images/Normal-5234.png,Normal,2,0.2843255648504355,0.3849669826400475
Normal/images/Normal-5236.png,Normal,2,0.28410016290085865,0.37780081984285424
Normal/images/Normal-5248.png,Normal,2,0.46581960288913515,0.4464997245236025
Normal/images/Normal-5253.png,Normal,2,0.4159226310357666,0.3784660696885642
Normal/images/Normal-5257.png,Normal,2,0.5020429973325473,0.4882596544447173
Normal/images/Normal-5259.png,Normal,2,0.28552539035312696,0.30138046215673636
Normal/images/Normal-526.png,Normal,2,0.07189122392873284,0.15914889775825178
Normal/images/Normal-5261.png,Normal,2,0.3990682735000947,0.4236149768131254
Normal/images/Normal-5264.png,Normal,2,0.4232038018971044,0.44760317903345465
Normal/images/Normal-5271.png,Normal,2,0.33105231976233584,0.44893903695495163
Normal/images/Normal-5274.png,Normal,2,0.3523951194331122,0.3287635559925267
Normal/images/Normal-5275.png,Normal,2,0.2834483737493106,0.38428054956920243
Normal/images/Normal-5277.png,Normal,2,0.36174300887151617,0.3878811500557438
Normal/images/Normal-5279.png,Normal,2,0.373801036884952,0.4297652175056804
Normal/images/Normal-5281.png,Normal,2,0.008791048377970252,0.20109068684946424
Normal/images/Normal-5283.png,Normal,2,0.28660231221533244,0.4279777919856143
Normal/images/Normal-5284.png,Normal,2,0.44807444452254597,0.4176060407649262
Normal/images/Normal-5290.png,Normal,2,0.3538973531784057,0.5232172086916673
Normal/images/Normal-5297.png,Normal,2,0.38564903887033336,0.4256396023739858
Normal/images/Normal-5303.png,Normal,2,0.3561834690012185,0.4158461923637294
Normal/images/Normal-5321.png,Normal,2,0.3472523824844057,0.5288796796861285
Normal/images/Normal-5328.png,Normal,2,0.11434745995532632,0.33731459326320407
Normal/images/Normal-5331.png,Normal,2,0.42983216998494955,0.4020191025941753
Normal/images/Normal-5338.png,Normal,2,0.29616183366094195,0.27118732889932606
Normal/images/Normal-5348.png,Normal,2,0.3082109425450203,0.387541292217172
Normal/images/Normal-5350.png,Normal,2,0.46136187796998823,0.44676082384154364
Normal/images/Normal-5359.png,Normal,2,0.45747127798373355,0.36728326640470504
Normal/images/Normal-536.png,Normal,2,0.3169739032005834,0.42024511679611665
Normal/images/Normal-5362.png,Normal,2,0.3151939877881002,0.4467385112217142
Normal/images/Normal-5366.png,Normal,2,0.3011371906217321,0.4164499556911546
Normal/images/Normal-537.png,Normal,2,0.13299265243777506,0.4096740664192184
Normal/images/Normal-5373.png,Normal,2,0.475844363896021,0.5046239781517179
Normal/images/Normal-5376.png,Normal,2,0.41081883328305796,0.4264144607529375
Normal/images/Normal-5382.png,Normal,2,0.31766795695319155,0.4275152293788577
Normal/images/Normal-5385.png,Normal,2,0.3829907035832391,0.42550658619203763
Normal/images/Normal-5395.png,Normal,2,0.42132525524995085,0.37516179495438967
Normal/images/Normal-5405.png,Normal,2,0.38040280228829654,0.4122501420829989
Normal/images/Normal-5423.png,Normal,2,0.4810458962501741,0.48416665778494705
Normal/images/Normal-5424.png,Normal,2,0.17938615210096726,0.4084791877957448
Normal/images/Normal-5435.png,Normal,2,0.34639697223680543,0.47357678288898986
Normal/images/Normal-5436.png,Normal,2,0.39469957900550384,0.5096153382049265
Normal/images/Normal-5443.png,Normal,2,0.39257695075010446,0.48906973751110927
Normal/images/Normal-5445.png,Normal,2,0.35615304621038496,0.3571948376725399
Normal/images/Normal-5447.png,Normal,2,0.4343073626530121,0.44635028606410204
Normal/images/Normal-545.png,Normal,2,0.17946863717161954,0.27813173205951053
Normal/images/Normal-5457.png,Normal,2,0.4651081863192663,0.437940976431107
Normal/images/Normal-5461.png,Normal,2,0.35100928111303575,0.4191532139866068
Normal/images/Normal-5464.png,Normal,2,0.42574033985761534,0.40883610332056247
Normal/images/Normal-5465.png,Normal,2,0.38933200519744965,0.45293518460113574
Normal/images/Normal-5467.png,Normal,2,0.3343340997446686,0.42024283714610383
Normal/images/Normal-5475.png,Normal,2,0.31123587416139853,0.3965886584062069
Normal/images/Normal-5476.png,Normal,2,0.5490355388096183,0.6018631033094513
Normal/images/Normal-5482.png,Normal,2,0.3273825340173854,0.3509131115575153
Normal/images/Normal-5496.png,Normal,2,0.45665613536608535,0.4727625208886294
Normal/images/Normal-55.png,Normal,2,0.40209316625897407,0.48299414346291336
Normal/images/Normal-550.png,Normal,2,0.23938648183939587,0.24184498211383165
Normal/images/Normal-5511.png,Normal,2,0.34346196837635395,0.40950851903766133
Normal/images/Normal-5525.png,Normal,2,0.3623092405929443,0.36786911493137525
Normal/images/Normal-5541.png,Normal,2,0.3479229624923774,0.36020010244733197
Normal/images/Normal-5543.png,Normal,2,0.3993023374419333,0.45425929168759843
Normal/images/Normal-5549.png,Normal,2,0.32816978001402186,0.39778363611823386
Normal/images/Normal-5555.png,Normal,2,0.3588195315015232,0.4034075572084697
Normal/images/Normal-5561.png,Normal,2,0.38105963989406555,0.4413288827042356
Normal/images/Normal-5566.png,Normal,2,0.2829539039215575,0.33943437373292334
Normal/images/Normal-558.png,Normal,2,0.1265014626027358,0.4030270627467553
Normal/images/Normal-5581.png,Normal,2,0.36533237915220584,0.5160069171463403
Normal/images/Normal-5584.png,Normal,2,0.42328047603877444,0.42093796041840936
Normal/images/Normal-5587.png,Normal,2,0.36657759331991974,0.4110447989988992
Normal/images/Normal-559.png,Normal,2,0.09794522508258938,0.14537884221684735
Normal/images/Normal-5603.png,Normal,2,0.4179747086054525,0.41408514643359945
Normal/images/Normal-5605.png,Normal,2,0.3832501663390596,0.3843213422641041
Normal/images/Normal-5606.png,Normal,2,0.3725577272401909,0.45810581775393605
Normal/images/Normal-561.png,Normal,2,0.1960465702521945,0.16621904764632242
Normal/images/Normal-5612.png,Normal,2,0.39908506241143166,0.45256183782790266
Normal/images/Normal-5613.png,Normal,2,0.4618828117905345,0.4829991827665471
Normal/images/Normal-5620.png,Normal,2,0.3631064893578454,0.3383706096949211
Normal/images/Normal-5621.png,Normal,2,0.316732158921798,0.40379291663309785
Normal/images/Normal-5622.png,Normal,2,0.3800663261819262,0.4457683926954085
Normal/images/Normal-5626.png,Normal,2,0.31678248203480325,0.3674927121527989
Normal/images/Normal-5639.png,Normal,2,0.3997081332711457,0.4644380735780434
Normal/images/Normal-5645.png,Normal,2,0.48368885685398844,0.581764727077742
Normal/images/Normal-5647.png,Normal,2,0.46627110585503634,0.48433298774465705
Normal/images/Normal-5659.png,Normal,2,0.41062367301741803,0.42709273741900056
Normal/images/Normal-5661.png,Normal,2,0.4074389135239746,0.4461646541864535
Normal/images/Normal-5663.png,Normal,2,0.3888405002762446,0.46686786928704477
Normal/images/Normal-5675.png,Normal,2,0.38274102985526876,0.4089927283488053
Normal/images/Normal-5678.png,Normal,2,0.37042090870220495,0.40697732526376384
Normal/images/Normal-5680.png,Normal,2,0.4044631748021148,0.33228032243323713
Normal/images/Normal-5684.png,Normal,2,0.4081349766624178,0.44835748205120923
Normal/images/Normal-5696.png,Normal,2,0.3314318659787034,0.3521793379935333
Normal/images/Normal-5707.png,Normal,2,0.3749721760862034,0.4179514083842517
Normal/images/Normal-5709.png,Normal,2,0.33396998401537237,0.3835894118200145
Normal/images/Normal-5713.png,Normal,2,0.40011508918389715,0.35438793593749707
Normal/images/Normal-5718.png,Normal,2,0.46304916218172226,0.4240120416520058
Normal/images/Normal-572.png,Normal,2,0.14445484428501026,0.30566695758765206
Normal/images/Normal-5721.png,Normal,2,0.33547807599760265,0.4496617391807599
Normal/images/Normal-573.png,Normal,2,0.23844543455125708,0.3591459648519393
Normal/images/Normal-5732.png,Normal,2,0.5643643373698995,0.4920660432561441
Normal/images/Normal-5741.png,Normal,2,0.43689517764389446,0.45736739392111747
Normal/images/Normal-5758.png,Normal,2,0.36923400936597467,0.37186887617435005
Normal/images/Normal-5762.png,Normal,2,0.30117425405231946,0.3990628500595034
Normal/images/Normal-5765.png,Normal,2,0.34595667985336787,0.422809473217871
Normal/images/Normal-577.png,Normal,2,0.15425494333900372,0.3810747443544205
Normal/images/Normal-5770.png,Normal,2,0.3547184514687558,0.350918695750821
Normal/images/Normal-5771.png,Normal,2,0.42404408158515067,0.4233448164487515
Normal/images/Normal-5774.png,Normal,2,0.2893514960340061,0.41001725482745305
Normal/images/Normal-5787.png,Normal,2,0.41569264055167676,0.430213157604
Normal/images/Normal-5795.png,Normal,2,0.4070324557367007,0.426070109575874
Normal/images/Normal-5811.png,Normal,2,0.3450880570724889,0.4042581417277477
Normal/images/Normal-5818.png,Normal,2,0.30108828822714634,0.3357551854145658
Normal/images/Normal-583.png,Normal,2,0.18972328035743916,0.34831585563801687
Normal/images/Normal-5835.png,Normal,2,0.4135112734700161,0.4826658064585223
Normal/images/Normal-5842.png,Normal,2,0.4947941030570453,0.5475596466276959
Normal/images/Normal-5846.png,Normal,2,0.31786805716970523,0.2600851351305514
Normal/images/Normal-5848.png,Normal,2,0.3780162843821443,0.4399330242177753
Normal/images/Normal-5867.png,Normal,2,0.3958930501545477,0.41415306504717453
Normal/images/Normal-587.png,Normal,2,0.14553098923391947,0.19975487227920827
Normal/images/Normal-5870.png,Normal,2,0.4660543095722448,0.5254773028682096
Normal/images/Normal-5873.png,Normal,2,0.3567964832303539,0.42726369460128677
Normal/images/Normal-5874.png,Normal,2,0.37475593340180957,0.38742512392292405
Normal/images/Normal-5881.png,Normal,2,0.4153332481913364,0.4553369882724268
Normal/images/Normal-5887.png,Normal,2,0.24637325766907692,0.2503460681934368
Normal/images/Normal-5889.png,Normal,2,0.37986294083076816,0.39695740359643694
Normal/images/Normal-5891.png,Normal,2,0.3568562689622857,0.36867761141252625
Normal/images/Normal-5897.png,Normal,2,0.38677707057411786,0.3847855989268931
Normal/images/Normal-5899.png,Normal,2,0.3157406665041247,0.35939449492814596
Normal/images/Normal-590.png,Normal,2,0.1513813666856687,0.19412130503092354
Normal/images/Normal-5902.png,Normal,2,0.42369140901800884,0.3999549729683698
Normal/images/Normal-5911.png,Normal,2,0.43273150176376984,0.5287042618678246
Normal/images/Normal-5922.png,Normal,2,0.3800338107943463,0.4558178811926849
Normal/images/Normal-5938.png,Normal,2,0.4078019657092437,0.4181448713967854
Normal/images/Normal-5944.png,Normal,2,0.42695310247163437,0.43414212535441193
Normal/images/Normal-5952.png,Normal,2,0.3458502951976275,0.48058918075668833
Normal/images/Normal-5953.png,Normal,2,0.3357221142112065,0.3755879172162085
Normal/images/Normal-5954.png,Normal,2,0.328978032936472,0.336884763620363
Normal/images/Normal-5960.png,Normal,2,0.44053833320110886,0.40166207967869777
Normal/images/Normal-5961.png,Normal,2,0.47708192432409247,0.4319482814434167
Normal/images/Normal-5968.png,Normal,2,0.4585083687322687,0.4015897589508541
Normal/images/Normal-5970.png,Normal,2,0.39545157889069904,0.44700925844943606
Normal/images/Normal-5973.png,Normal,2,0.4061965117165482,0.45641559979348384
Normal/images/Normal-5979.png,Normal,2,0.4442997435321549,0.5488279202293855
Normal/images/Normal-5983.png,Normal,2,0.405790015773474,0.4206928540333622
Normal/images/Normal-5984.png,Normal,2,0.42420304789936425,0.40237172875938193
Normal/images/Normal-5987.png,Normal,2,0.4000320738546577,0.5809567668318156
Normal/images/Normal-5993.png,Normal,2,0.4331207905839512,0.5601776962755306
Normal/images/Normal-5994.png,Normal,2,0.4379693662876886,0.42255415089150294
Normal/images/Normal-5996.png,Normal,2,0.4387774621124933,0.4406396517950796
Normal/images/Normal-5998.png,Normal,2,0.38632158961354984,0.37683537267599987
Normal/images/Normal-6.png,Normal,2,0.39883413665651607,0.4832900729039658
Normal/images/Normal-6000.png,Normal,2,0.4708457570556937,0.4192068949055457
Normal/images/Normal-6006.png,Normal,2,0.37885065394377776,0.361637869574887
Normal/images/Normal-6009.png,Normal,2,0.3700600814044874,0.39851400201942133
Normal/images/Normal-6016.png,Normal,2,0.3876757446810842,0.4578455693771393
Normal/images/Normal-6018.png,Normal,2,0.43115599477483374,0.39032301567521277
Normal/images/Normal-6023.png,Normal,2,0.3185166954087868,0.38865999582347094
Normal/images/Normal-603.png,Normal,2,0.24234749122964905,0.1562700083380118
Normal/images/Normal-6036.png,Normal,2,0.25457808668690696,0.3464995341582494
Normal/images/Normal-6037.png,Normal,2,0.4537945064451702,0.5463134267611544
Normal/images/Normal-6040.png,Normal,2,0.3979199966543007,0.501330024690816
Normal/images/Normal-6048.png,Normal,2,0.3954880952479027,0.48004589647648965
Normal/images/Normal-6065.png,Normal,2,0.37813852537704234,0.42597005275040617
Normal/images/Normal-6069.png,Normal,2,0.2595054185351086,0.3686613974493629
Normal/images/Normal-6070.png,Normal,2,0.4062297050338062,0.39510419894695037
Normal/images/Normal-6072.png,Normal,2,0.3828031852312708,0.3690966953928268
Normal/images/Normal-6073.png,Normal,2,0.39048938473914285,0.5050256644646933
Normal/images/Normal-608.png,Normal,2,0.1992870005312465,0.20656058318549023
Normal/images/Normal-6086.png,Normal,2,0.39409390856099025,0.4559275135761793
Normal/images/Normal-6092.png,Normal,2,0.4792670776067008,0.5087174948180814
Normal/images/Normal-6095.png,Normal,2,0.3780882701914872,0.43172326726868115
Normal/images/Normal-6096.png,Normal,2,0.43830865698353544,0.4233911338643943
Normal/images/Normal-6111.png,Normal,2,0.37266457588109475,0.4776575108284905
Normal/images/Normal-6118.png,Normal,2,0.4166034697853732,0.5201774625756984
Normal/images/Normal-6127.png,Normal,2,0.4634600739207991,0.3895843318573785
Normal/images/Normal-6133.png,Normal,2,0.3880357083678225,0.44538113152657277
Normal/images/Normal-6135.png,Normal,2,0.34023415925049916,0.40389777246036146
Normal/images/Normal-6146.png,Normal,2,0.37059956919191966,0.3591705143100146
Normal/images/Normal-6148.png,Normal,2,0.31617263285460234,0.45060657353829875
Normal/images/Normal-6149.png,Normal,2,0.33337555020008114,0.36785356728168644
Normal/images/Normal-6154.png,Normal,2,0.356704163908684,0.42958226374770647
Normal/images/Normal-6171.png,Normal,2,0.34457240715645926,0.36612708891583073
Normal/images/Normal-6176.png,Normal,2,0.33036417268012463,0.3507120379282295
Normal/images/Normal-6188.png,Normal,2,0.40681121178297297,0.43552414401795375
Normal/images/Normal-6194.png,Normal,2,0.3595255663117633,0.4104911611079407
Normal/images/Normal-6197.png,Normal,2,0.2540830187280959,0.3350122836756163
Normal/images/Normal-6198.png,Normal,2,0.36373401681102335,0.506060945731925
Normal/images/Normal-6200.png,Normal,2,0.4379502993641021,0.4280528628648774
Normal/images/Normal-6201.png,Normal,2,0.3725938114639917,0.48487622093237176
Normal/images/Normal-6203.png,Normal,2,0.4520808434793628,0.49250739166354246
Normal/images/Normal-6204.png,Normal,2,0.32679036769606173,0.34235166253665794
Normal/images/Normal-6205.png,Normal,2,0.3874998205189991,0.5055811692833097
Normal/images/Normal-6215.png,Normal,2,0.3557795505320503,0.42244218054001015
Normal/images/Normal-6230.png,Normal,2,0.2467710648249721,0.31826520299611705
Normal/images/Normal-6231.png,Normal,2,0.40294709401682693,0.4022241818548762
Normal/images/Normal-6232.png,Normal,2,0.408110761120034,0.44539127411950125
Normal/images/Normal-6235.png,Normal,2,0.3699077166567133,0.47212720634818406
Normal/images/Normal-6253.png,Normal,2,0.33313748939864074,0.3879817916295716
Normal/images/Normal-6257.png,Normal,2,0.4348304401175327,0.4293308179280064
Normal/images/Normal-6260.png,Normal,2,0.4686026301951656,0.5254585444318021
Normal/images/Normal-6265.png,Normal,2,0.4490347391911453,0.4802388022461781
Normal/images/Normal-6266.png,Normal,2,0.43413114518907114,0.4549444097675831
Normal/images/Normal-6275.png,Normal,2,0.2584648085482625,0.33680451479775947
Normal/images/Normal-6281.png,Normal,2,0.3834778464582235,0.38205228314515
Normal/images/Normal-6296.png,Normal,2,0.46643657516909043,0.5300240624699049
Normal/images/Normal-63.png,Normal,2,0.1864088730646733,0.3542769447126861
Normal/images/Normal-6300.png,Normal,2,0.2617041758319185,0.34650576925302035
Normal/images/Normal-6307.png,Normal,2,0.4551329258279866,0.4753532301059825
Normal/images/Normal-6309.png,Normal,2,0.4820019252565176,0.5471670804319464
Normal/images/Normal-6312.png,Normal,2,0.34884165457040706,0.35666371114099743
Normal/images/Normal-6319.png,Normal,2,0.3767610315737996,0.4354846932415982
Normal/images/Normal-632.png,Normal,2,0.2379365669893395,0.40867754501369635
Normal/images/Normal-6322.png,Normal,2,0.415994358614419,0.3376757619840662
Normal/images/Normal-6324.png,Normal,2,0.4299255343538967,0.49195473749481533
Normal/images/Normal-6327.png,Normal,2,0.41124473804063777,0.40080738766915097
Normal/images/Normal-6354.png,Normal,2,0.3888290639444508,0.4454478085669185
Normal/images/Normal-6363.png,Normal,2,0.317415491844341,0.3802176352694404
Normal/images/Normal-637.png,Normal,2,0.15043269408243043,0.22081075418945328
Normal/images/Normal-6373.png,Normal,2,0.47485079057095914,0.47897804816737255
Normal/images/Normal-638.png,Normal,2,0.28430429692863707,0.46212841957844986
Normal/images/Normal-6381.png,Normal,2,0.3643523306646446,0.4226457244879492
Normal/images/Normal-6385.png,Normal,2,0.40905315939209774,0.4489318074196957
Normal/images/Normal-6390.png,Normal,2,0.3813008952039747,0.4085775291784795
Normal/images/Normal-6392.png,Normal,2,0.2868438186239103,0.33561626081210505
Normal/images/Normal-6393.png,Normal,2,0.33960253919268885,0.43233374361185756
Normal/images/Normal-6396.png,Normal,2,0.35132099535322336,0.4109898492031371
Normal/images/Normal-6397.png,Normal,2,0.3886800681091258,0.4530334447539246
Normal/images/Normal-64.png,Normal,2,0.18474690875573024,0.23585547478102684
Normal/images/Normal-6406.png,Normal,2,0.340875440270081,0.3974143848783502
Normal/images/Normal-6407.png,Normal,2,0.35573711613600145,0.3916343170770452
Normal/images/Normal-6409.png,Normal,2,0.3584987947712275,0.4060673125480947
Normal/images/Normal-6412.png,Normal,2,0.29348003310210063,0.46181130381782143
Normal/images/Normal-6418.png,Normal,2,0.3602753446116494,0.37564230921939556
Normal/images/Normal-6430.png,Normal,2,0.354703453020625,0.5165835662157165
Normal/images/Normal-6432.png,Normal,2,0.4290616646795237,0.49912829201556236
Normal/images/Normal-6434.png,Normal,2,0.3395773497820119,0.3372365213198795
Normal/images/Normal-6447.png,Normal,2,0.3714238575414787,0.37858376383354553
Normal/images/Normal-6463.png,Normal,2,0.452082475177803,0.44141701397227473
Normal/images/Normal-6475.png,Normal,2,0.3965556066377619,0.27860705844755485
Normal/images/Normal-6477.png,Normal,2,0.3474019001404214,0.3589848193620752
Normal/images/Normal-6485.png,Normal,2,0.20860968510299613,0.20802897934010883
Normal/images/Normal-6490.png,Normal,2,0.3821175267926043,0.4925617045937597
Normal/images/Normal-6505.png,Normal,2,0.34256842094040907,0.23122734225230712
Normal/images/Normal-6513.png,Normal,2,0.440035771640475,0.44257847682704476
Normal/images/Normal-6523.png,Normal,2,0.37988234340759464,0.42222857616226195
Normal/images/Normal-6531.png,Normal,2,0.08873500162158754,0.3388335993956102
Normal/images/Normal-6533.png,Normal,2,0.45102468042522753,0.488112356286089
Normal/images/Normal-6551.png,Normal,2,0.42669241117429163,0.4630653222431891
Normal/images/Normal-6574.png,Normal,2,0.5002312278958814,0.4642451772399828
Normal/images/Normal-6580.png,Normal,2,0.2735542599734754,0.42788935480545487
Normal/images/Normal-6582.png,Normal,2,0.424705307136862,0.508087359585165
Normal/images/Normal-6588.png,Normal,2,0.4074213331756019,0.4036869537673529
Normal/images/Normal-6612.png,Normal,2,0.3561262979067347,0.41772888545515896
Normal/images/Normal-6614.png,Normal,2,0.38961647025320717,0.39683040941077813
Normal/images/Normal-6618.png,Normal,2,0.39759930847493685,0.42726337203257697
Normal/images/Normal-6619.png,Normal,2,0.30175654852131156,0.37581733120509714
Normal/images/Normal-6627.png,Normal,2,0.40227958526881774,0.4220359955497107
Normal/images/Normal-6633.png,Normal,2,0.35146926475648216,0.45055808865794267
Normal/images/Normal-6641.png,Normal,2,0.2867137717923725,0.4365073026722588
Normal/images/Normal-6654.png,Normal,2,0.37281968212012384,0.5178563890651056
Normal/images/Normal-6655.png,Normal,2,0.4637006089249208,0.5160748861207662
Normal/images/Normal-6657.png,Normal,2,0.4610304137022941,0.46889752242205196
Normal/images/Normal-6664.png,Normal,2,0.47748020643837036,0.42318686972248126
Normal/images/Normal-6665.png,Normal,2,0.48135064322768295,0.4379133805182286
Normal/images/Normal-6675.png,Normal,2,0.4216664997329236,0.4796904753631809
Normal/images/Normal-6676.png,Normal,2,0.4442723980407239,0.443673628089541
Normal/images/Normal-6679.png,Normal,2,0.33661663072507686,0.4597684423247176
Normal/images/Normal-6684.png,Normal,2,0.37753029103324665,0.447193272956124
Normal/images/Normal-6689.png,Normal,2,0.39454755301817995,0.4866547128764913
Normal/images/Normal-669.png,Normal,2,0.1422729850783129,0.2659912352719225
Normal/images/Normal-6691.png,Normal,2,0.38223377135641895,0.422808065778723
Normal/images/Normal-6697.png,Normal,2,0.41080655729157,0.537299572925018
Normal/images/Normal-6699.png,Normal,2,0.32412069656526216,0.2806703533517418
Normal/images/Normal-6721.png,Normal,2,0.41980300464253906,0.48481678025015434
Normal/images/Normal-6725.png,Normal,2,0.3267995009147029,0.4324900116186974
Normal/images/Normal-6747.png,Normal,2,0.3932618840958815,0.45224817738377576
Normal/images/Normal-6748.png,Normal,2,0.38762652142181203,0.39093826575563595
Normal/images/Normal-6762.png,Normal,2,0.3203930286956846,0.3036936695635609
Normal/images/Normal-6770.png,Normal,2,0.5440080717658806,0.5319426141227582
Normal/images/Normal-6775.png,Normal,2,0.30658752928402544,0.36752310316475273
Normal/images/Normal-6776.png,Normal,2,0.43847044573731603,0.40496352491547066
Normal/images/Normal-6786.png,Normal,2,0.44367747657041273,0.4823142064336216
Normal/images/Normal-6787.png,Normal,2,0.36675096709902044,0.29785388619670267
Normal/images/Normal-6793.png,Normal,2,0.47217256564757404,0.44423398581151213
Normal/images/Normal-6794.png,Normal,2,0.38292094256180625,0.47134739428989025
Normal/images/Normal-6796.png,Normal,2,0.3887316457104432,0.4668556371726487
Normal/images/Normal-6806.png,Normal,2,0.4126331372431029,0.40410897093451975
Normal/images/Normal-6810.png,Normal,2,0.35455766341787404,0.35426093109271356
Normal/images/Normal-6816.png,Normal,2,0.49061374575967304,0.41778828849248395
Normal/images/Normal-6818.png,Normal,2,0.29064372292709006,0.4998995287290002
Normal/images/Normal-6824.png,Normal,2,0.3793987928957526,0.43533308038817026
Normal/images/Normal-6827.png,Normal,2,0.5245046961363151,0.551899832738942
Normal/images/Normal-6833.png,Normal,2,0.26326678676704024,0.2860103964444563
Normal/images/Normal-6838.png,Normal,2,0.40431157668245493,0.4746878436232318
Normal/images/Normal-6839.png,Normal,2,0.43109210343585264,0.429013364227158
Normal/images/Normal-684.png,Normal,2,0.19724395705475264,0.22247855857436416
Normal/images/Normal-6842.png,Normal,2,0.3053080464592296,0.3331475374693641
Normal/images/Normal-6847.png,Normal,2,0.35325420231593935,0.3961234213833406
Normal/images/Normal-6851.png,Normal,2,0.4124241066080287,0.4351245790898741
Normal/images/Normal-6858.png,Normal,2,0.39466849590222364,0.42319791261429657
Normal/images/Normal-6865.png,Normal,2,0.42385878312704445,0.4420925794113018
Normal/images/Normal-6867.png,Normal,2,0.35305971796777946,0.4725421826613748
Normal/images/Normal-6873.png,Normal,2,0.29675930235403436,0.48067384171258204
Normal/images/Normal-6877.png,Normal,2,0.30739752012422367,0.4110050101742382
Normal/images/Normal-6885.png,Normal,2,0.4118690484664662,0.3766558728717429
Normal/images/Normal-6892.png,Normal,2,0.45683761225007574,0.4764609086696143
Normal/images/Normal-6893.png,Normal,2,0.464927773788844,0.4036385799839259
Normal/images/Normal-6897.png,Normal,2,0.34880054587883336,0.4317139797130431
Normal/images/Normal-6913.png,Normal,2,0.4406853386279779,0.4341398796876401
Normal/images/Normal-6916.png,Normal,2,0.5387272061282665,0.5461974630737995
Normal/images/Normal-6929.png,Normal,2,0.4417919263661257,0.4453639109270513
Normal/images/Normal-6934.png,Normal,2,0.42778926384491445,0.418442313610683
Normal/images/Normal-6939.png,Normal,2,0.47545590383566916,0.5123526911487659
Normal/images/Normal-6941.png,Normal,2,0.37319299387607885,0.32647666396478736
Normal/images/Normal-6951.png,Normal,2,0.32544439627503086,0.23513509348311373
Normal/images/Normal-6963.png,Normal,2,0.3875240322149499,0.30410392298233024
Normal/images/Normal-6971.png,Normal,2,0.3772911242904161,0.4462212502107779
Normal/images/Normal-6973.png,Normal,2,0.1738867558557931,0.23597687193349132
Normal/images/Normal-6977.png,Normal,2,0.45043301713238987,0.45224898544215536
Normal/images/Normal-6991.png,Normal,2,0.405575159092703,0.44014894490771994
Normal/images/Normal-6992.png,Normal,2,0.4471212663784552,0.4905387448614924
Normal/images/Normal-6994.png,Normal,2,0.44561047481274285,0.42389196719334804
Normal/images/Normal-6997.png,Normal,2,0.3677180917892365,0.42087305244920764
Normal/images/Normal-6999.png,Normal,2,0.4754911515924757,0.46840034488998394
Normal/images/Normal-700.png,Normal,2,0.12350783699340574,0.2595010220210293
Normal/images/Normal-7001.png,Normal,2,0.41531897200055484,0.4632874277773661
Normal/images/Normal-7008.png,Normal,2,0.3841074125790581,0.42125418932753755
Normal/images/Normal-7019.png,Normal,2,0.4258010558585859,0.450065651787487
Normal/images/Normal-7021.png,Normal,2,0.5200696194219376,0.42456048545773073
Normal/images/Normal-7026.png,Normal,2,0.34499824572621,0.39794479202261107
Normal/images/Normal-7036.png,Normal,2,0.3271358543374568,0.35863130309813745
Normal/images/Normal-7043.png,Normal,2,0.3439415094292503,0.3082128821448767
Normal/images/Normal-7053.png,Normal,2,0.07994897846901539,0.2638960029677014
Normal/images/Normal-7057.png,Normal,2,0.10685928192803909,0.30607747067769064
Normal/images/Normal-7076.png,Normal,2,0.4446936115628305,0.4942517672888372
Normal/images/Normal-7077.png,Normal,2,0.4608272520896055,0.5408421273131435
Normal/images/Normal-7080.png,Normal,2,0.4553646450394222,0.37310132070323193
Normal/images/Normal-7088.png,Normal,2,0.3825691679396247,0.3400020416820966
Normal/images/Normal-7095.png,Normal,2,0.33042965541322367,0.3858026927762589
Normal/images/Normal-7101.png,Normal,2,0.3567442761903843,0.473637773421959
Normal/images/Normal-7109.png,Normal,2,0.20175922638869442,0.2766727241744685
Normal/images/Normal-712.png,Normal,2,0.15102710448836928,0.3488765578245257
Normal/images/Normal-7120.png,Normal,2,0.3838575940341016,0.42224936722005796
Normal/images/Normal-7124.png,Normal,2,0.27169672082200474,0.33330406737739954
Normal/images/Normal-7128.png,Normal,2,0.4588788756503289,0.4281287071734733
Normal/images/Normal-713.png,Normal,2,0.1102222585518188,0.15344307876129623
Normal/images/Normal-7136.png,Normal,2,0.3665449701065831,0.3974560280073271
Normal/images/Normal-7141.png,Normal,2,0.4035000314227168,0.4422541872624269
Normal/images/Normal-7151.png,Normal,2,0.11916323443267561,0.31480065459444656
Normal/images/Normal-7155.png,Normal,2,0.42422190202464194,0.3935125602917184
Normal/images/Normal-7161.png,Normal,2,0.4600832102226353,0.4613202133583716
Normal/images/Normal-7163.png,Normal,2,0.4856021210835003,0.5072038219517072
Normal/images/Normal-7166.png,Normal,2,0.23677753008968802,0.3516721310384279
Normal/images/Normal-7167.png,Normal,2,0.12060611185640485,0.3260958181179599
Normal/images/Normal-7179.png,Normal,2,0.3842990662733355,0.41314914805056346
Normal/images/Normal-7180.png,Normal,2,0.40515399911975236,0.40338296366056664
Normal/images/Normal-7189.png,Normal,2,0.35857926759011177,0.4163023695738867
Normal/images/Normal-72.png,Normal,2,0.16163854763800856,0.29998976828093105
Normal/images/Normal-7200.png,Normal,2,0.5269875453676686,0.3267871846630414
Normal/images/Normal-7203.png,Normal,2,0.22886513717525278,0.40060197254888874
Normal/images/Normal-7208.png,Normal,2,0.5282908935753268,0.43408484827014704
Normal/images/Normal-7212.png,Normal,2,0.5142439492554218,0.5833666705188636
Normal/images/Normal-7214.png,Normal,2,0.41476272483923565,0.46738218230843764
Normal/images/Normal-7218.png,Normal,2,0.36905771136015625,0.46210207201027687
Normal/images/Normal-7219.png,Normal,2,0.42363305381474453,0.4890986616871073
Normal/images/Normal-7240.png,Normal,2,0.36785981796981687,0.4273048415589294
Normal/images/Normal-7241.png,Normal,2,0.41610599664566217,0.34383582677412344
Normal/images/Normal-7258.png,Normal,2,0.2921455257133362,0.42202689039627633
Normal/images/Normal-7259.png,Normal,2,0.39705865534118234,0.4081767426714016
Normal/images/Normal-7280.png,Normal,2,0.4341060916734477,0.4419762391735815
Normal/images/Normal-7282.png,Normal,2,0.4584188851198576,0.5155921221637121
Normal/images/Normal-7295.png,Normal,2,0.398777928758724,0.4155415659597712
Normal/images/Normal-7310.png,Normal,2,0.443844466091729,0.5178944803229929
Normal/images/Normal-7314.png,Normal,2,0.35010295341049225,0.47285461959128994
Normal/images/Normal-7315.png,Normal,2,0.3930149637244159,0.40918600403211003
Normal/images/Normal-7316.png,Normal,2,0.42162969043484677,0.3957922921912687
Normal/images/Normal-7323.png,Normal,2,0.24432260819574977,0.3955541930526782
Normal/images/Normal-733.png,Normal,2,0.2066597934950071,0.18930859097897257
Normal/images/Normal-7337.png,Normal,2,0.33329107583120354,0.3503057953077131
Normal/images/Normal-7338.png,Normal,2,0.26457044535072993,0.35726033279186925
Normal/images/Normal-7340.png,Normal,2,0.13619449407462825,0.28558467951963123
Normal/images/Normal-7352.png,Normal,2,0.39519237079587216,0.510192886963927
Normal/images/Normal-7353.png,Normal,2,0.3613438310861078,0.4971607244045305
Normal/images/Normal-7355.png,Normal,2,0.309981012151164,0.30337236148294794
Normal/images/Normal-7356.png,Normal,2,0.3756096148548764,0.464121720296889
Normal/images/Normal-7358.png,Normal,2,0.38573143158396983,0.41859473259465824
Normal/images/Normal-7362.png,Normal,2,0.38052836799752254,0.4005424729690869
Normal/images/Normal-7372.png,Normal,2,0.4650471702477904,0.44865335056806527
Normal/images/Normal-7380.png,Normal,2,0.4377512790760052,0.5048271194035014
Normal/images/Normal-7381.png,Normal,2,0.4791824827954279,0.5196281971551595
Normal/images/Normal-7385.png,Normal,2,0.3280541504545298,0.31824641277667165
Normal/images/Normal-7386.png,Normal,2,0.2807702735312256,0.41138912349736884
Normal/images/Normal-7394.png,Normal,2,0.4466202485051513,0.39678585392909005
Normal/images/Normal-7404.png,Normal,2,0.4787015500982177,0.4605744057104305
Normal/images/Normal-7406.png,Normal,2,0.32459353061288243,0.41379604839972917
Normal/images/Normal-7425.png,Normal,2,0.34335907475072036,0.491147182780971
Normal/images/Normal-7428.png,Normal,2,0.2775458006542307,0.3507521367752791
Normal/images/Normal-7429.png,Normal,2,0.42693090033032277,0.5131665227517793
Normal/images/Normal-7430.png,Normal,2,0.47007317285257527,0.4684207834321798
Normal/images/Normal-7434.png,Normal,2,0.43965906585120046,0.49326692818227746
Normal/images/Normal-7439.png,Normal,2,0.321431271088273,0.3754634714970888
Normal/images/Normal-7442.png,Normal,2,0.29827333519627824,0.3826192172447759
Normal/images/Normal-7454.png,Normal,2,0.3688318812217082,0.40921150144697327
Normal/images/Normal-7458.png,Normal,2,0.2949492981504277,0.37625685642880746
Normal/images/Normal-7461.png,Normal,2,0.426153471194492,0.33512825272355073
Normal/images/Normal-7467.png,Normal,2,0.44041908892336035,0.4192027641989684
Normal/images/Normal-7476.png,Normal,2,0.4226541517860794,0.4398747372947733
Normal/images/Normal-7479.png,Normal,2,0.43961585562416683,0.4734499400284623
Normal/images/Normal-7496.png,Normal,2,0.3529763851366065,0.45016360312148734
Normal/images/Normal-7499.png,Normal,2,0.2522037027940899,0.39884707975878386
Normal/images/Normal-75.png,Normal,2,0.20748202691845796,0.22334666215049048
Normal/images/Normal-7513.png,Normal,2,0.3979300573211185,0.4269684400186817
Normal/images/Normal-7515.png,Normal,2,0.3790302575216698,0.49464178142460613
Normal/images/Normal-7526.png,Normal,2,0.49097370237525517,0.568624328050972
Normal/images/Normal-7554.png,Normal,2,0.36584819595453955,0.3904916888944838
Normal/images/Normal-7557.png,Normal,2,0.3949637459488911,0.416404823395035
Normal/images/Normal-7571.png,Normal,2,0.3771887339097722,0.405694808857323
Normal/images/Normal-7573.png,Normal,2,0.2774232252333604,0.3105277450684358
Normal/images/Normal-7575.png,Normal,2,0.4432750235846136,0.3237188909124695
Normal/images/Normal-7583.png,Normal,2,0.4049727349692286,0.29009405397554555
Normal/images/Normal-7597.png,Normal,2,0.32889948077828535,0.4245778680449461
Normal/images/Normal-7598.png,Normal,2,0.3951966561992862,0.3848531840181286
Normal/images/Normal-7618.png,Normal,2,0.42137433762330767,0.5122076759535088
Normal/images/Normal-762.png,Normal,2,0.27056637303313436,0.4192979825575969
Normal/images/Normal-7621.png,Normal,2,0.475926803117496,0.4898123697231373
Normal/images/Normal-7631.png,Normal,2,0.5017760295409476,0.4130901346527525
Normal/images/Normal-7635.png,Normal,2,0.3676319409575936,0.4271903296119259
Normal/images/Normal-7653.png,Normal,2,0.3244367267954236,0.3327350480500874
Normal/images/Normal-7658.png,Normal,2,0.4751922173051502,0.4600030963361542
Normal/images/Normal-7665.png,Normal,2,0.29420441613048237,0.3366350085988713
Normal/images/Normal-7667.png,Normal,2,0.30604532462509193,0.3433057694956445
Normal/images/Normal-7673.png,Normal,2,0.25460724474850444,0.41090408483656427
Normal/images/Normal-7681.png,Normal,2,0.30396934061942393,0.36519771388795924
Normal/images/Normal-7688.png,Normal,2,0.35772793868352004,0.4223060995653392
Normal/images/Normal-7694.png,Normal,2,0.49472692401797863,0.4850229443718318
Normal/images/Normal-7696.png,Normal,2,0.3948717948744437,0.4099545189722575
Normal/images/Normal-7698.png,Normal,2,0.2835981231353224,0.4037497563653433
Normal/images/Normal-77.png,Normal,2,0.20516526057897003,0.2653990890671557
Normal/images/Normal-7706.png,Normal,2,0.3456316063217306,0.4143984580727386
Normal/images/Normal-7724.png,Normal,2,0.30710567637843444,0.47266668334345224
Normal/images/Normal-7737.png,Normal,2,0.5062705973435012,0.5013162901579814
Normal/images/Normal-7747.png,Normal,2,0.44749343463289337,0.6010480264987099
Normal/images/Normal-7748.png,Normal,2,0.41526845635982856,0.4392799450058004
Normal/images/Normal-775.png,Normal,2,0.22009594611909403,0.28432725632365347
Normal/images/Normal-777.png,Normal,2,0.0965789454536331,0.202686516612507
Normal/images/Normal-7786.png,Normal,2,0.4582473593569864,0.4844530959916999
Normal/images/Normal-779.png,Normal,2,0.21828677443340957,0.32156360771069775
Normal/images/Normal-7790.png,Normal,2,0.35445005832831983,0.4082853920697808
Normal/images/Normal-7793.png,Normal,2,0.3894771958997985,0.4332569701957057
Normal/images/Normal-7796.png,Normal,2,0.37725504685120986,0.5163658699601339
Normal/images/Normal-780.png,Normal,2,0.3481011017633607,0.4094857627143975
Normal/images/Normal-7809.png,Normal,2,0.3998805496524561,0.3744194944480239
Normal/images/Normal-7811.png,Normal,2,0.523478438542635,0.4413526977925019
Normal/images/Normal-7817.png,Normal,2,0.3893367598761489,0.49673113421523735
Normal/images/Normal-7818.png,Normal,2,0.32283501533499753,0.35494885495403095
Normal/images/Normal-7819.png,Normal,2,0.44699640459941664,0.42113297739656674
Normal/images/Normal-782.png,Normal,2,0.17044401553709743,0.3997172034879577
Normal/images/Normal-7822.png,Normal,2,0.3201471992422766,0.3557583914536496
Normal/images/Normal-7833.png,Normal,2,0.4158185332558979,0.46841205120080137
Normal/images/Normal-7838.png,Normal,2,0.45538210688911235,0.3729483832684931
Normal/images/Normal-7850.png,Normal,2,0.11570142186443362,0.24459446991803552
Normal/images/Normal-7859.png,Normal,2,0.30279608430937155,0.3362739190881436
Normal/images/Normal-787.png,Normal,2,0.3301012509776328,0.39546519366540567
Normal/images/Normal-7876.png,Normal,2,0.41775144555358323,0.4846643019251961
Normal/images/Normal-7881.png,Normal,2,0.32569837315703026,0.42400141553099535
Normal/images/Normal-7885.png,Normal,2,0.356597358326917,0.41808136138523017
Normal/images/Normal-7888.png,Normal,2,0.41415108745447654,0.500078217080459
Normal/images/Normal-7891.png,Normal,2,0.384051127671628,0.41966741750204845
Normal/images/Normal-7895.png,Normal,2,0.28355241603680825,0.38925605018805076
Normal/images/Normal-7897.png,Normal,2,0.3673633137195534,0.4964247587820551
Normal/images/Normal-7901.png,Normal,2,0.2789855539231818,0.3710861788475238
Normal/images/Normal-7902.png,Normal,2,0.3794151054145637,0.4842340903317845
Normal/images/Normal-7904.png,Normal,2,0.3869221190859129,0.44764213514317847
Normal/images/Normal-7910.png,Normal,2,0.3897403629156958,0.44771037553886334
Normal/images/Normal-7913.png,Normal,2,0.15421956674768067,0.34926123660958924
Normal/images/Normal-7923.png,Normal,2,0.4473304183494933,0.4231134210976187
Normal/images/Normal-7939.png,Normal,2,0.3244028240344405,0.4251906805771994
Normal/images/Normal-7945.png,Normal,2,0.3832298714577797,0.3632125423876345
Normal/images/Normal-7946.png,Normal,2,0.38959100005143943,0.39743533561437533
Normal/images/Normal-7958.png,Normal,2,0.4828494348591789,0.4270212484674668
Normal/images/Normal-796.png,Normal,2,0.2771920340557244,0.39820177879340507
Normal/images/Normal-7971.png,Normal,2,0.41647873937304186,0.3489478285104669
Normal/images/Normal-7972.png,Normal,2,0.4241164139392125,0.47138091588680614
Normal/images/Normal-7975.png,Normal,2,0.4144991492103473,0.2981135653687882
Normal/images/Normal-7991.png,Normal,2,0.4365423053095373,0.4929985937385588
Normal/images/Normal-8000.png,Normal,2,0.4373323663971085,0.3581047026881837
Normal/images/Normal-8015.png,Normal,2,0.42090423098629887,0.408160408461417
Normal/images/Normal-8016.png,Normal,2,0.25920780686333095,0.39658281659560723
Normal/images/Normal-8022.png,Normal,2,0.373758137110352,0.4480933405122433
Normal/images/Normal-8026.png,Normal,2,0.4023624091620861,0.4408684673274191
Normal/images/Normal-8032.png,Normal,2,0.377765455131681,0.3499483317867039
Normal/images/Normal-8036.png,Normal,2,0.33821355720089336,0.33830998296051806
Normal/images/Normal-8071.png,Normal,2,0.4298193720113775,0.4927926637145486
Normal/images/Normal-8095.png,Normal,2,0.4813328701373148,0.5030746231518592
Normal/images/Normal-8099.png,Normal,2,0.20249214917341568,0.3540901744806724
Normal/images/Normal-8107.png,Normal,2,0.4454634982529222,0.4224520932413373
Normal/images/Normal-812.png,Normal,2,0.2641481142111372,0.37094573056621083
Normal/images/Normal-8137.png,Normal,2,0.5258465499323444,0.4711896736778713
Normal/images/Normal-8140.png,Normal,2,0.4824508044160844,0.4234996447762023
Normal/images/Normal-8143.png,Normal,2,0.4084067427087699,0.3698613992373748
Normal/images/Normal-8154.png,Normal,2,0.3933615623095728,0.4365804831291171
Normal/images/Normal-8170.png,Normal,2,0.28523147576226915,0.4795839853105576
Normal/images/Normal-8176.png,Normal,2,0.34895983937543307,0.40852686131092397
Normal/images/Normal-8184.png,Normal,2,0.3825119369213091,0.37750783340270455
Normal/images/Normal-8195.png,Normal,2,0.39021712079340604,0.49133332114897527
Normal/images/Normal-8199.png,Normal,2,0.29648519358424147,0.136326483162594
Normal/images/Normal-8208.png,Normal,2,0.310354099618556,0.3738290287416433
Normal/images/Normal-8215.png,Normal,2,0.3982908300194535,0.4543084524281884
Normal/images/Normal-8221.png,Normal,2,0.37100920828588774,0.3737907272295011
Normal/images/Normal-8235.png,Normal,2,0.2431311941413413,0.21575198416135988
Normal/images/Normal-8237.png,Normal,2,0.36560640272793804,0.47273400135024146
Normal/images/Normal-8239.png,Normal,2,0.40254913556291816,0.48056340089711036
Normal/images/Normal-8242.png,Normal,2,0.4061180734129108,0.49377746584232485
Normal/images/Normal-8246.png,Normal,2,0.4167083935735105,0.44633444099578723
Normal/images/Normal-8252.png,Normal,2,0.38389759439608206,0.39018820796598175
Normal/images/Normal-8262.png,Normal,2,0.24455781287022388,0.3402152423431095
Normal/images/Normal-8277.png,Normal,2,0.037295117610928664,0.30731863509318114
Normal/images/Normal-828.png,Normal,2,0.24982023908952872,0.38119457086279157
Normal/images/Normal-8281.png,Normal,2,0.3463204751412589,0.3960076953361348
Normal/images/Normal-8302.png,Normal,2,0.39735506318239266,0.4657183771597386
Normal/images/Normal-8310.png,Normal,2,0.38111388742725616,0.40499668480620443
Normal/images/Normal-8313.png,Normal,2,0.4104996879816049,0.4894730151063879
Normal/images/Normal-832.png,Normal,2,0.2647552125611536,0.3448622491778092
Normal/images/Normal-8324.png,Normal,2,0.49957082183298446,0.41824507642796854
Normal/images/Normal-8334.png,Normal,2,0.3932690074266915,0.35234320854539797
Normal/images/Normal-8346.png,Normal,2,0.40823343742430346,0.35692126298160515
Normal/images/Normal-8347.png,Normal,2,0.37986046169065035,0.37168563116152087
Normal/images/Normal-8352.png,Normal,2,0.30176908243076395,0.40961921942148116
Normal/images/Normal-8360.png,Normal,2,0.34037201977520487,0.41617126681151634
Normal/images/Normal-8371.png,Normal,2,0.4272092350529896,0.4841681754637633
Normal/images/Normal-8374.png,Normal,2,0.3727403989357401,0.4459212988542666
Normal/images/Normal-8387.png,Normal,2,0.4085543858806651,0.4442269378360896
Normal/images/Normal-8389.png,Normal,2,0.25056755080798593,0.302632299881335
Normal/images/Normal-8391.png,Normal,2,0.4586114589625416,0.5566890304320761
Normal/images/Normal-840.png,Normal,2,0.2506353876976324,0.44627786480674736
Normal/images/Normal-8401.png,Normal,2,0.42460101406492956,0.4315945869739866
Normal/images/Normal-8404.png,Normal,2,0.4438411673400648,0.413472882788535
Normal/images/Normal-8408.png,Normal,2,0.35106377981930986,0.4132454760813815
Normal/images/Normal-8412.png,Normal,2,0.5060876895151417,0.4670430171739087
Normal/images/Normal-8416.png,Normal,2,0.42015492541993993,0.5167985218875821
Normal/images/Normal-8424.png,Normal,2,0.3454812240252894,0.37596358092722376
Normal/images/Normal-8427.png,Normal,2,0.40404557868354285,0.3766975043000173
Normal/images/Normal-8429.png,Normal,2,0.4501860572997469,0.43731490548264557
Normal/images/Normal-8439.png,Normal,2,0.35587701243933306,0.42558077380252646
Normal/images/Normal-8447.png,Normal,2,0.37790702543530863,0.41126493359527777
Normal/images/Normal-845.png,Normal,2,0.13619555352773655,0.42029373804158104
Normal/images/Normal-8453.png,Normal,2,0.08031445733014998,0.45444605853496517
Normal/images/Normal-8455.png,Normal,2,0.3284971037015767,0.43614608934838484
Normal/images/Normal-846.png,Normal,2,0.10486381496136128,0.16894403033202293
Normal/images/Normal-8463.png,Normal,2,0.3735876028251736,0.43417266187499937
Normal/images/Normal-8472.png,Normal,2,0.39724096466498515,0.47535283135782597
Normal/images/Normal-8476.png,Normal,2,0.3872642149602993,0.44895322302804996
Normal/images/Normal-8477.png,Normal,2,0.4254528993958604,0.47559340341181305
Normal/images/Normal-8479.png,Normal,2,0.37039050116865924,0.39895666248929224
Normal/images/Normal-8491.png,Normal,2,0.25693976616880615,0.3341434798232639
Normal/images/Normal-8497.png,Normal,2,0.4482364860951399,0.5021104727058848
Normal/images/Normal-8503.png,Normal,2,0.28470204890955353,0.33061361812321427
Normal/images/Normal-8527.png,Normal,2,0.35855805784936384,0.4902496624339136
Normal/images/Normal-8529.png,Normal,2,0.3910686141432088,0.4276636573365872
Normal/images/Normal-8532.png,Normal,2,0.43858744673518485,0.3959517329509072
Normal/images/Normal-8542.png,Normal,2,0.41340335008972917,0.4172211409900679
Normal/images/Normal-8548.png,Normal,2,0.4502746480172775,0.45327477276258027
Normal/images/Normal-8552.png,Normal,2,0.4029209773807797,0.4121213075480531
Normal/images/Normal-8559.png,Normal,2,0.45081181121896924,0.4084564624127507
Normal/images/Normal-856.png,Normal,2,0.13164101146981097,0.135495698977021
Normal/images/Normal-8562.png,Normal,2,0.32850189850646755,0.38925208047274024
Normal/images/Normal-8568.png,Normal,2,0.47364828866260583,0.4204277153412042
Normal/images/Normal-8577.png,Normal,2,0.3968790082643684,0.4002204146795746
Normal/images/Normal-8587.png,Normal,2,0.46858083524834965,0.41937762746247775
Normal/images/Normal-8592.png,Normal,2,0.4455302509369701,0.5593586303567106
Normal/images/Normal-8598.png,Normal,2,0.4933743942014414,0.5150392803721283
Normal/images/Normal-8599.png,Normal,2,0.39240420740962967,0.39310888824657714
Normal/images/Normal-8614.png,Normal,2,0.3887095420443803,0.3944045014387955
Normal/images/Normal-8616.png,Normal,2,0.3910170365858114,0.4640633433525188
Normal/images/Normal-8617.png,Normal,2,0.40345991761658045,0.3662937881413281
Normal/images/Normal-8619.png,Normal,2,0.4127783342458672,0.4167799971351296
Normal/images/Normal-862.png,Normal,2,0.2017720585664221,0.20493211817434578
Normal/images/Normal-8620.png,Normal,2,0.37513488532428346,0.4330978935745787
Normal/images/Normal-8622.png,Normal,2,0.3954944057796238,0.40767191429240296
Normal/images/Normal-8624.png,Normal,2,0.4243478499074855,0.5657244891202624
Normal/images/Normal-863.png,Normal,2,0.2020570912429301,0.2175357181501782
Normal/images/Normal-8646.png,Normal,2,0.4138303991055706,0.4558717817702416
Normal/images/Normal-8672.png,Normal,2,0.3995578966964046,0.4641356269202947
Normal/images/Normal-868.png,Normal,2,0.2889535641876003,0.2555885687908889
Normal/images/Normal-8682.png,Normal,2,0.31223901271116683,0.4070273580281228
Normal/images/Normal-8687.png,Normal,2,0.3744157066565017,0.4641923434665554
Normal/images/Normal-8698.png,Normal,2,0.4210073584392541,0.4504086600289291
Normal/images/Normal-8710.png,Normal,2,0.4002020510737822,0.48932355050954784
Normal/images/Normal-872.png,Normal,2,0.12447666084040085,0.18950799114966496
Normal/images/Normal-8735.png,Normal,2,0.43240579210479374,0.42548422996386326
Normal/images/Normal-8755.png,Normal,2,0.45624455209234394,0.49851068420391276
Normal/images/Normal-8757.png,Normal,2,0.40500506303270545,0.453126522986263
Normal/images/Normal-8761.png,Normal,2,0.3631008226721956,0.4154838771482659
Normal/images/Normal-8763.png,Normal,2,0.42779497156879925,0.4611241958724476
Normal/images/Normal-8765.png,Normal,2,0.36117833540071814,0.3974443530935866
Normal/images/Normal-8773.png,Normal,2,0.1338477491700199,0.3922716879512826
Normal/images/Normal-8776.png,Normal,2,0.40389866990886714,0.42518779715053734
Normal/images/Normal-8790.png,Normal,2,0.46191179116841363,0.45973108786534533
Normal/images/Normal-8791.png,Normal,2,0.3458225987080263,0.4750061892650497
Normal/images/Normal-8810.png,Normal,2,0.5523279100277055,0.5571123021733306
Normal/images/Normal-8811.png,Normal,2,0.3158477105110008,0.4282436018188772
Normal/images/Normal-8813.png,Normal,2,0.35779731205993903,0.4811947706710819
Normal/images/Normal-8814.png,Normal,2,0.3444079321684152,0.4047881821433977
Normal/images/Normal-8844.png,Normal,2,0.3474289916459936,0.3809148460528224
Normal/images/Normal-8855.png,Normal,2,0.4453002886651402,0.5451386397897491
Normal/images/Normal-8859.png,Normal,2,0.38282729003102406,0.46370317483554413
Normal/images/Normal-8860.png,Normal,2,0.3657061854934723,0.47946259750049486
Normal/images/Normal-8867.png,Normal,2,0.4015133867757564,0.4423135580052076
Normal/images/Normal-8875.png,Normal,2,0.40133200737021196,0.23605945833124753
Normal/images/Normal-8877.png,Normal,2,0.38485354897566254,0.4463607775756675
Normal/images/Normal-8888.png,Normal,2,0.40022994465393164,0.4615500390313397
Normal/images/Normal-8889.png,Normal,2,0.2704647480941799,0.3985155132519809
Normal/images/Normal-8891.png,Normal,2,0.33816600415369247,0.424096375649965
Normal/images/Normal-8899.png,Normal,2,0.4020860103101776,0.4859711480260731
Normal/images/Normal-8927.png,Normal,2,0.4324623731502483,0.4933818472887181
Normal/images/Normal-8928.png,Normal,2,0.44272620458145673,0.4816842735353683
Normal/images/Normal-8938.png,Normal,2,0.5783656550281688,0.3758480910757186
Normal/images/Normal-8941.png,Normal,2,0.4494399399082136,0.5535707237201993
Normal/images/Normal-8945.png,Normal,2,0.4978123851164825,0.5200090213112296
Normal/images/Normal-8947.png,Normal,2,0.37405154456944706,0.4009408246697278
Normal/images/Normal-895.png,Normal,2,0.14819972746970614,0.3646744341963746
Normal/images/Normal-8955.png,Normal,2,0.3900935397699345,0.3972801820852383
Normal/images/Normal-8970.png,Normal,2,0.2856371419351382,0.3273229053130593
Normal/images/Normal-8973.png,Normal,2,0.3937609753267741,0.40745435628209015
Normal/images/Normal-8977.png,Normal,2,0.443827798433977,0.4543450967315466
Normal/images/Normal-8994.png,Normal,2,0.3677202916564875,0.40100120271697015
Normal/images/Normal-8996.png,Normal,2,0.38045918186076727,0.3831063089939756
Normal/images/Normal-8997.png,Normal,2,0.015700326047341374,0.36254679348007635
Normal/images/Normal-9.png,Normal,2,0.40352131437138633,0.38044151280083577
Normal/images/Normal-9000.png,Normal,2,0.4738132750145181,0.4229318712934421
Normal/images/Normal-9001.png,Normal,2,0.34346512309756005,0.4316362071999164
Normal/images/Normal-9019.png,Normal,2,0.4304756763637394,0.5079356662574114
Normal/images/Normal-9031.png,Normal,2,0.3241578655157906,0.4413860307973077
Normal/images/Normal-9043.png,Normal,2,0.32879309278527663,0.15646083002050873
Normal/images/Normal-9052.png,Normal,2,0.377789608054935,0.38804679475230724
Normal/images/Normal-9053.png,Normal,2,0.46252817570769966,0.4525198379592309
Normal/images/Normal-9059.png,Normal,2,0.4210546920189032,0.4590088159164832
Normal/images/Normal-9066.png,Normal,2,0.19949844852249699,0.3833798035335397
Normal/images/Normal-9068.png,Normal,2,0.3204955337560608,0.38196168674915015
Normal/images/Normal-9076.png,Normal,2,0.4273454803526624,0.4910028512553757
Normal/images/Normal-9079.png,Normal,2,0.3144189737355319,0.4118595448700061
Normal/images/Normal-9082.png,Normal,2,0.35663606956106153,0.43352133639215246
Normal/images/Normal-9089.png,Normal,2,0.3981343810518612,0.4796083357337823
Normal/images/Normal-9092.png,Normal,2,0.4532243491333289,0.5383314738231066
Normal/images/Normal-9096.png,Normal,2,0.43189418611280367,0.44755348074022433
Normal/images/Normal-9098.png,Normal,2,0.2716793634415757,0.33422873066697084
Normal/images/Normal-9099.png,Normal,2,0.2988097371406748,0.32224491869872474
Normal/images/Normal-9100.png,Normal,2,0.3326719217113715,0.3890740548205558
Normal/images/Normal-9102.png,Normal,2,0.5019440788932382,0.43113384421094264
Normal/images/Normal-9104.png,Normal,2,0.4508474180342901,0.33391205056747
Normal/images/Normal-9110.png,Normal,2,0.32830847486699427,0.3681658164877861
Normal/images/Normal-9112.png,Normal,2,0.4867930037010712,0.40405796709072983
Normal/images/Normal-9113.png,Normal,2,0.45064023013146126,0.42316626003343694
Normal/images/Normal-9128.png,Normal,2,0.2569038847194854,0.30494159716198593
Normal/images/Normal-9135.png,Normal,2,0.26301313329345694,0.46244383567297714
Normal/images/Normal-9143.png,Normal,2,0.37663303169716267,0.38297279380602123
Normal/images/Normal-9144.png,Normal,2,0.5383034712072208,0.6935473533280332
Normal/images/Normal-9150.png,Normal,2,0.28570757836001887,0.32773926779981316
Normal/images/Normal-9151.png,Normal,2,0.36597853477921305,0.3756613407134255
Normal/images/Normal-916.png,Normal,2,0.09982759974782295,0.16945235710711315
Normal/images/Normal-9161.png,Normal,2,0.40104749968695513,0.43287075154926735
Normal/images/Normal-9170.png,Normal,2,0.4018935282519999,0.4087420702071225
Normal/images/Normal-9172.png,Normal,2,0.40006875614524157,0.45514901295766996
Normal/images/Normal-918.png,Normal,2,0.20747115537530972,0.195960979887619
Normal/images/Normal-9182.png,Normal,2,0.25834174241392055,0.38949388217630543
Normal/images/Normal-9186.png,Normal,2,0.49468895493655796,0.46969758341642315
Normal/images/Normal-9224.png,Normal,2,0.38605313916060996,0.40495799609582767
Normal/images/Normal-923.png,Normal,2,0.254175731797981,0.4216457059705151
Normal/images/Normal-9231.png,Normal,2,0.3760632589214062,0.35254518251825534
Normal/images/Normal-9236.png,Normal,2,0.44632986897501475,0.4924983678132843
Normal/images/Normal-9239.png,Normal,2,0.35777499005006375,0.44754367883872737
Normal/images/Normal-9240.png,Normal,2,0.4007349915062347,0.4152860038501713
Normal/images/Normal-9242.png,Normal,2,0.3314045637992824,0.38296725091331074
Normal/images/Normal-9248.png,Normal,2,0.31480130726333283,0.2601263145988953
Normal/images/Normal-9255.png,Normal,2,0.4328006945817027,0.5301969827213797
Normal/images/Normal-9256.png,Normal,2,0.5046271563508077,0.40375541594868997
Normal/images/Normal-9258.png,Normal,2,0.3750933055467864,0.433458932798631
Normal/images/Normal-9259.png,Normal,2,0.38954054339181576,0.4178587396659592
Normal/images/Normal-9261.png,Normal,2,0.3053615159902554,0.3680775913053209
Normal/images/Normal-9262.png,Normal,2,0.4910363252595406,0.42668998333030833
Normal/images/Normal-9274.png,Normal,2,0.33988141161912294,0.4723128697577566
Normal/images/Normal-9275.png,Normal,2,0.38651093546439486,0.5079401662572266
Normal/images/Normal-9288.png,Normal,2,0.26649454753079355,0.44084369615997154
Normal/images/Normal-929.png,Normal,2,0.10722240844479052,0.10698265457221623
Normal/images/Normal-9290.png,Normal,2,0.35776971079343245,0.4730269284443504
Normal/images/Normal-9301.png,Normal,2,0.3681589490084919,0.4169125392141421
Normal/images/Normal-9319.png,Normal,2,0.44384735534360636,0.4390901054752779
Normal/images/Normal-9320.png,Normal,2,0.33994108627121145,0.43699401248751396
Normal/images/Normal-9321.png,Normal,2,0.4110741683892061,0.4396118979741274
Normal/images/Normal-9326.png,Normal,2,0.24262166481695838,0.3602034761413347
Normal/images/Normal-9331.png,Normal,2,0.07254606920804331,0.38474321429644115
Normal/images/Normal-9334.png,Normal,2,0.2769205142773449,0.33150867937963485
Normal/images/Normal-9336.png,Normal,2,0.37269515254135405,0.3561457333739201
Normal/images/Normal-9352.png,Normal,2,0.49346459935701287,0.4881313522379505
Normal/images/Normal-9356.png,Normal,2,0.35086573146368927,0.41212156977543013
Normal/images/Normal-9365.png,Normal,2,0.38902088357646764,0.41719114343239855
Normal/images/Normal-937.png,Normal,2,0.28826006979936536,0.4170964783723085
Normal/images/Normal-9372.png,Normal,2,0.5539173369577299,0.5480605419525544
Normal/images/Normal-9382.png,Normal,2,0.3978014194406089,0.41727798482493766
Normal/images/Normal-9388.png,Normal,2,0.11414271748774558,0.44323823626287584
Normal/images/Normal-9389.png,Normal,2,0.5069233215678896,0.5253720308019701
Normal/images/Normal-9396.png,Normal,2,0.29995819340033486,0.4040980095813104
Normal/images/Normal-9402.png,Normal,2,0.3384827876954469,0.3928679208133078
Normal/images/Normal-9408.png,Normal,2,0.38268801484517145,0.4345471648790437
Normal/images/Normal-9410.png,Normal,2,0.45104693522357914,0.4806570019563075
Normal/images/Normal-9412.png,Normal,2,0.4129722189164822,0.40869589956643343
Normal/images/Normal-9418.png,Normal,2,0.07816476514241749,0.3141110864100585
Normal/images/Normal-9426.png,Normal,2,0.31165332203603346,0.4918003976169811
Normal/images/Normal-9438.png,Normal,2,0.41400169410648324,0.4709669175266883
Normal/images/Normal-9449.png,Normal,2,0.41474420572375,0.4415258531449356
Normal/images/Normal-9450.png,Normal,2,0.4407529739254708,0.4805355749954719
Normal/images/Normal-9463.png,Normal,2,0.3553462556948723,0.4226188229445166
Normal/images/Normal-9465.png,Normal,2,0.4345175558221719,0.42819766436546175
Normal/images/Normal-9466.png,Normal,2,0.40947349127717186,0.45397129331265484
Normal/images/Normal-9468.png,Normal,2,0.3607721302707976,0.34256251489691164
Normal/images/Normal-947.png,Normal,2,0.10301629930126503,0.15875888917273545
Normal/images/Normal-9472.png,Normal,2,0.4682991321532758,0.5032032019671261
Normal/images/Normal-9476.png,Normal,2,0.3362958075181017,0.3358067431725359
Normal/images/Normal-9483.png,Normal,2,0.45085236316373506,0.4933590936813793
Normal/images/Normal-9487.png,Normal,2,0.36487348828421734,0.41049839799476046
Normal/images/Normal-9492.png,Normal,2,0.44099683719495847,0.44155172026324874
Normal/images/Normal-9493.png,Normal,2,0.40741937851734694,0.2938314737405596
Normal/images/Normal-9494.png,Normal,2,0.38499119824522393,0.4206023375410524
Normal/images/Normal-9497.png,Normal,2,0.008583840160833297,0.3273499481205562
Normal/images/Normal-950.png,Normal,2,0.30329020621678643,0.2867859989137154
Normal/images/Normal-9519.png,Normal,2,0.49829681806419557,0.5069571204546869
Normal/images/Normal-9520.png,Normal,2,0.3905497077755706,0.40889005274535345
Normal/images/Normal-9525.png,Normal,2,0.3007484134117792,0.4204648072528723
Normal/images/Normal-9529.png,Normal,2,0.403465707783786,0.4129470959353601
Normal/images/Normal-9530.png,Normal,2,0.40536226486000426,0.358923722187506
Normal/images/Normal-9531.png,Normal,2,0.29891243652326754,0.3470538138280666
Normal/images/Normal-9532.png,Normal,2,0.34852237414272114,0.5067367305106292
Normal/images/Normal-9540.png,Normal,2,0.3699932989633983,0.421274539843895
Normal/images/Normal-9549.png,Normal,2,0.3398500242848278,0.43580321029253877
Normal/images/Normal-9552.png,Normal,2,0.32689396064140414,0.46478536256346614
Normal/images/Normal-9563.png,Normal,2,0.43231304573382423,0.43837708930807273
Normal/images/Normal-9567.png,Normal,2,0.3372407153160751,0.35877908033831296
Normal/images/Normal-9568.png,Normal,2,0.4428333523285249,0.4325997143950013
Normal/images/Normal-9577.png,Normal,2,0.336102886590135,0.4539440371465917
Normal/images/Normal-9604.png,Normal,2,0.5281237465004489,0.4466992101286806
Normal/images/Normal-9605.png,Normal,2,0.41082115517980183,0.4743230199181761
Normal/images/Normal-961.png,Normal,2,0.17617627764869342,0.1416227894684935
Normal/images/Normal-9612.png,Normal,2,0.3617539412768604,0.23425508103633622
Normal/images/Normal-9613.png,Normal,2,0.42107696665057603,0.44042769711644697
Normal/images/Normal-9615.png,Normal,2,0.3283942351145856,0.3969141004905464
Normal/images/Normal-9619.png,Normal,2,0.3367851856751725,0.4748146629159505
Normal/images/Normal-9625.png,Normal,2,0.15669127697295096,0.3924858064228196
Normal/images/Normal-9637.png,Normal,2,0.39696064622370714,0.44304376320569305
Normal/images/Normal-9648.png,Normal,2,0.38372337568524223,0.45530231638013297
Normal/images/Normal-9655.png,Normal,2,0.43624348886432346,0.5450399441119675
Normal/images/Normal-9657.png,Normal,2,0.3801933575325483,0.35462014076533216
Normal/images/Normal-9658.png,Normal,2,0.44536699949994313,0.4221369008938191
Normal/images/Normal-9668.png,Normal,2,0.5304289509278167,0.5863291146554422
Normal/images/Normal-9670.png,Normal,2,0.3689983972660867,0.4667832928035916
Normal/images/Normal-9679.png,Normal,2,0.39936771032758916,0.5103754931936256
Normal/images/Normal-9692.png,Normal,2,0.3310497232889476,0.3802643324621639
Normal/images/Normal-9697.png,Normal,2,0.46000952233185405,0.5371630898683745
Normal/images/Normal-970.png,Normal,2,0.21835942565534494,0.13160111724974602
Normal/images/Normal-9704.png,Normal,2,0.3491712667841663,0.4061099950034676
Normal/images/Normal-9709.png,Normal,2,0.3883426469350803,0.43278030172996296
Normal/images/Normal-9713.png,Normal,2,0.21760716815555417,0.19631727043056157
Normal/images/Normal-9717.png,Normal,2,0.3392186930412379,0.38120439408643214
Normal/images/Normal-9721.png,Normal,2,0.3541912550007293,0.41852863610335084
Normal/images/Normal-9726.png,Normal,2,0.4990919568536777,0.4601925956958604
Normal/images/Normal-9729.png,Normal,2,0.37943512595513484,0.41827946133856087
Normal/images/Normal-9735.png,Normal,2,0.3418584066568926,0.415803339421043
Normal/images/Normal-9738.png,Normal,2,0.4172056777343125,0.5392723794927384
Normal/images/Normal-974.png,Normal,2,0.1845954201908397,0.37171953086930026
Normal/images/Normal-9742.png,Normal,2,0.4524159460434983,0.38499550226993595
Normal/images/Normal-976.png,Normal,2,0.12856920045406797,0.21583731757991514
Normal/images/Normal-9768.png,Normal,2,0.37353466488233744,0.4016250297299568
Normal/images/Normal-9771.png,Normal,2,0.3978835125886432,0.5057632605571063
Normal/images/Normal-979.png,Normal,2,0.27752456923538565,0.39336745639237414
Normal/images/Normal-9808.png,Normal,2,0.5137926943044048,0.5270514763057509
Normal/images/Normal-9824.png,Normal,2,0.48203051922419304,0.47614272101170685
Normal/images/Normal-9827.png,Normal,2,0.35038127721821427,0.38582855570299884
Normal/images/Normal-9833.png,Normal,2,0.16669635774998104,0.35714455851741267
Normal/images/Normal-9838.png,Normal,2,0.40503933580898016,0.2819316410126158
Normal/images/Normal-9839.png,Normal,2,0.43558712307768355,0.4578356686746236
Normal/images/Normal-9845.png,Normal,2,0.2587952899016805,0.4053494439663372
Normal/images/Normal-9846.png,Normal,2,0.41543532271904077,0.41060054911699717
Normal/images/Normal-9858.png,Normal,2,0.3341113473241126,0.43404451265510696
Normal/images/Normal-9865.png,Normal,2,0.3168014713310564,0.39491993085570387
Normal/images/Normal-9866.png,Normal,2,0.30544327280167677,0.3463223353442976
Normal/images/Normal-9868.png,Normal,2,0.3493911266591231,0.40011873913668056
Normal/images/Normal-9879.png,Normal,2,0.3623578582800327,0.3795820638174862
Normal/images/Normal-9883.png,Normal,2,0.25000253114210164,0.341094871157898
Normal/images/Normal-989.png,Normal,2,0.0929753324809924,0.27573993760188126
Normal/images/Normal-9890.png,Normal,2,0.3763763584308008,0.40393357363031557
Normal/images/Normal-9899.png,Normal,2,0.4178825738393229,0.40399782653579136
Normal/images/Normal-9901.png,Normal,2,0.46539649832602564,0.5095517632460816
Normal/images/Normal-9902.png,Normal,2,0.4109497102242411,0.4862362195497341
Normal/images/Normal-9904.png,Normal,2,0.4160089648210849,0.40204314812176856
Normal/images/Normal-991.png,Normal,2,0.1956639331317214,0.16639215296255494
Normal/images/Normal-9910.png,Normal,2,0.39891096474419246,0.37027651725602634
Normal/images/Normal-9912.png,Normal,2,0.3711540523927326,0.48405500663412804
Normal/images/Normal-9914.png,Normal,2,0.05437805608821447,0.35473172785199664
Normal/images/Normal-9924.png,Normal,2,0.38503181127606045,0.46448019144841124
Normal/images/Normal-9926.png,Normal,2,0.45313188826752715,0.5337744141366131
Normal/images/Normal-9928.png,Normal,2,0.40068829694931435,0.4609005320398898
Normal/images/Normal-993.png,Normal,2,0.13262595468280985,0.15324654500109253
Normal/images/Normal-9931.png,Normal,2,0.38335227052539794,0.45807505121331843
Normal/images/Normal-9933.png,Normal,2,0.2137845203901489,0.41913125528673684
Normal/images/Normal-9941.png,Normal,2,0.3924171861020081,0.4997821792454567
Normal/images/Normal-9947.png,Normal,2,0.2813892149001736,0.44885464884791976
Normal/images/Normal-9953.png,Normal,2,0.45490193680734214,0.44454890527357654
Normal/images/Normal-9955.png,Normal,2,0.4504216978949363,0.5336813517099486
Normal/images/Normal-996.png,Normal,2,0.12230142328318391,0.17345641090755257
Normal/images/Normal-9965.png,Normal,2,0.3164721859356995,0.35277620928568
Normal/images/Normal-9975.png,Normal,2,0.4472357764195478,0.537878174339523
Normal/images/Normal-998.png,Normal,2,0.20603552570020278,0.24189742932434108
Normal/images/Normal-9983.png,Normal,2,0.5081149470006007,0.49115346975098884
Normal/images/Normal-9990.png,Normal,2,0.45420109146129234,0.4455039401193663
Normal/images/Normal-9992.png,Normal,2,0.3865918213064817,0.4046431851794966
Normal/images/Normal-9994.png,Normal,2,0.5287285664274698,0.5166309520445932
Normal/images/Normal-9996.png,Normal,2,0.45027312717302514,0.4618543271634634
Viral Pneumonia/images/Viral Pneumonia-100.png,Viral Pneumonia,3,0.27616844551444203,0.3316671528152685
Viral Pneumonia/images/Viral Pneumonia-1003.png,Viral Pneumonia,3,0.2801768603742284,0.3785933978994142
Viral Pneumonia/images/Viral Pneumonia-1014.png,Viral Pneumonia,3,0.23502130708678412,0.31518658002756983
Viral Pneumonia/images/Viral Pneumonia-1021.png,Viral Pneumonia,3,0.313475091576786,0.46905220676267745
Viral Pneumonia/images/Viral Pneumonia-1022.png,Viral Pneumonia,3,0.26899082820050274,0.28922651225397317
Viral Pneumonia/images/Viral Pneumonia-1025.png,Viral Pneumonia,3,0.3495265263360782,0.45763469442775834
Viral Pneumonia/images/Viral Pneumonia-1037.png,Viral Pneumonia,3,0.2073907667808711,0.26481127022852285
Viral Pneumonia/images/Viral Pneumonia-1052.png,Viral Pneumonia,3,0.40385199181228115,0.3967411460537511
Viral Pneumonia/images/Viral Pneumonia-1057.png,Viral Pneumonia,3,0.2610629931234738,0.3252228019458775
Viral Pneumonia/images/Viral Pneumonia-1058.png,Viral Pneumonia,3,0.22048769758441605,0.3125001163668547
Viral Pneumonia/images/Viral Pneumonia-1067.png,Viral Pneumonia,3,0.3299362437416597,0.41020980470436275
Viral Pneumonia/images/Viral Pneumonia-1068.png,Viral Pneumonia,3,0.31434791676612983,0.34322259210642014
Viral Pneumonia/images/Viral Pneumonia-1072.png,Viral Pneumonia,3,0.21955816206113862,0.4604764992542441
Viral Pneumonia/images/Viral Pneumonia-1079.png,Viral Pneumonia,3,0.2943209965738585,0.3801741230580858
Viral Pneumonia/images/Viral Pneumonia-1085.png,Viral Pneumonia,3,0.2672301869813235,0.33268233208520853
Viral Pneumonia/images/Viral Pneumonia-1088.png,Viral Pneumonia,3,0.21074628698988485,0.23181170443400362
Viral Pneumonia/images/Viral Pneumonia-1091.png,Viral Pneumonia,3,0.24440462456616813,0.25976849407558555
Viral Pneumonia/images/Viral Pneumonia-1095.png,Viral Pneumonia,3,0.41736975628089296,0.4653058189072374
Viral Pneumonia/images/Viral Pneumonia-1096.png,Viral Pneumonia,3,0.3388720819640397,0.38898495012529155
Viral Pneumonia/images/Viral Pneumonia-11.png,Viral Pneumonia,3,0.30821377562890245,0.4521954078808346
Viral Pneumonia/images/Viral Pneumonia-1100.png,Viral Pneumonia,3,0.22530846792135728,0.2614503613978832
Viral Pneumonia/images/Viral Pneumonia-1112.png,Viral Pneumonia,3,0.2604345925521064,0.36804825766543364
Viral Pneumonia/images/Viral Pneumonia-1113.png,Viral Pneumonia,3,0.2827036491617573,0.32565211555577295
Viral Pneumonia/images/Viral Pneumonia-1118.png,Viral Pneumonia,3,0.33232485772182335,0.4270585940955544
Viral Pneumonia/images/Viral Pneumonia-1129.png,Viral Pneumonia,3,0.21173885590675803,0.2537969664648819
Viral Pneumonia/images/Viral Pneumonia-1135.png,Viral Pneumonia,3,0.34223557347716116,0.3692253211420509
Viral Pneumonia/images/Viral Pneumonia-114.png,Viral Pneumonia,3,0.36926319962108284,0.42680890809483224
Viral Pneumonia/images/Viral Pneumonia-1145.png,Viral Pneumonia,3,0.298863281830313,0.3835139350933493
Viral Pneumonia/images/Viral Pneumonia-1146.png,Viral Pneumonia,3,0.31109565190128147,0.43484608917138523
Viral Pneumonia/images/Viral Pneumonia-1155.png,Viral Pneumonia,3,,0.43649806545171593
Viral Pneumonia/images/Viral Pneumonia-1164.png,Viral Pneumonia,3,0.30310519308904715,0.3743781777325319
Viral Pneumonia/images/Viral Pneumonia-1168.png,Viral Pneumonia,3,0.23194055322349655,0.35626480916181236
Viral Pneumonia/images/Viral Pneumonia-117.png,Viral Pneumonia,3,0.26803454169191254,0.2636588017468577
Viral Pneumonia/images/Viral Pneumonia-1175.png,Viral Pneumonia,3,0.22220543819350708,0.27530823020740086
Viral Pneumonia/images/Viral Pneumonia-1178.png,Viral Pneumonia,3,0.3680708700407865,0.39524076993500057
Viral Pneumonia/images/Viral Pneumonia-1186.png,Viral Pneumonia,3,0.3216325241962138,0.40132429532691344
Viral Pneumonia/images/Viral Pneumonia-1191.png,Viral Pneumonia,3,,0.29843451285007583
Viral Pneumonia/images/Viral Pneumonia-1193.png,Viral Pneumonia,3,0.28270437824813116,0.3740613436263257
Viral Pneumonia/images/Viral Pneumonia-1194.png,Viral Pneumonia,3,0.29593976338475214,0.3691956233240716
Viral Pneumonia/images/Viral Pneumonia-12.png,Viral Pneumonia,3,0.29001243971426394,0.41874808230462174
Viral Pneumonia/images/Viral Pneumonia-120.png,Viral Pneumonia,3,0.16615254618596995,0.22166028150714165
Viral Pneumonia/images/Viral Pneumonia-1200.png,Viral Pneumonia,3,0.37910304360331126,0.29588953376845417
Viral Pneumonia/images/Viral Pneumonia-121.png,Viral Pneumonia,3,0.30634840422014004,0.36837116849126866
Viral Pneumonia/images/Viral Pneumonia-1217.png,Viral Pneumonia,3,0.30034898529194737,0.38570187327315547
Viral Pneumonia/images/Viral Pneumonia-122.png,Viral Pneumonia,3,0.3058725488642996,0.3005757521568429
Viral Pneumonia/images/Viral Pneumonia-1222.png,Viral Pneumonia,3,0.3109847095539009,0.43728826763701567
Viral Pneumonia/images/Viral Pneumonia-1231.png,Viral Pneumonia,3,0.3316747862685827,0.35099062653579266
Viral Pneumonia/images/Viral Pneumonia-1235.png,Viral Pneumonia,3,0.3784593406130759,0.46269441666464645
Viral Pneumonia/images/Viral Pneumonia-1236.png,Viral Pneumonia,3,0.38618547029986694,0.45684911493707986
Viral Pneumonia/images/Viral Pneumonia-1243.png,Viral Pneumonia,3,0.28402407673232094,0.304554225717344
Viral Pneumonia/images/Viral Pneumonia-1250.png,Viral Pneumonia,3,0.2723045876609066,0.3232422939220349
Viral Pneumonia/images/Viral Pneumonia-1266.png,Viral Pneumonia,3,0.3576894829727785,0.43254102748356754
Viral Pneumonia/images/Viral Pneumonia-1270.png,Viral Pneumonia,3,0.33859990587494904,0.3368741774060722
Viral Pneumonia/images/Viral Pneumonia-1275.png,Viral Pneumonia,3,0.28064455273412453,0.323922438778504
Viral Pneumonia/images/Viral Pneumonia-1283.png,Viral Pneumonia,3,0.07481866254921687,0.21004136794420317
Viral Pneumonia/images/Viral Pneumonia-1285.png,Viral Pneumonia,3,0.2580302629634762,0.2662964426220782
Viral Pneumonia/images/Viral Pneumonia-1288.png,Viral Pneumonia,3,0.36940168603135115,0.4230202825387762
Viral Pneumonia/images/Viral Pneumonia-1295.png,Viral Pneumonia,3,0.2978928625787762,0.3118936743964609
Viral Pneumonia/images/Viral Pneumonia-13.png,Viral Pneumonia,3,0.3129200561572591,0.3768481357880264
Viral Pneumonia/images/Viral Pneumonia-1301.png,Viral Pneumonia,3,0.3095929250552347,0.3744515127329366
Viral Pneumonia/images/Viral Pneumonia-1304.png,Viral Pneumonia,3,0.2713127634716627,0.29960315317349334
Viral Pneumonia/images/Viral Pneumonia-1324.png,Viral Pneumonia,3,0.2512768497699525,0.31739203855463477
Viral Pneumonia/images/Viral Pneumonia-1329.png,Viral Pneumonia,3,0.24550361902254636,0.29513847965274653
Viral Pneumonia/images/Viral Pneumonia-1337.png,Viral Pneumonia,3,0.2676552100093192,0.4086529633602493
Viral Pneumonia/images/Viral Pneumonia-1345.png,Viral Pneumonia,3,0.25952046997155953,0.2873268257957359
Viral Pneumonia/images/Viral Pneumonia-152.png,Viral Pneumonia,3,0.33359877122945797,0.4037961045826343
Viral Pneumonia/images/Viral Pneumonia-153.png,Viral Pneumonia,3,0.3086247646473266,0.4257786928188355
Viral Pneumonia/images/Viral Pneumonia-163.png,Viral Pneumonia,3,0.3473773057633197,0.4475172598867633
Viral Pneumonia/images/Viral Pneumonia-164.png,Viral Pneumonia,3,0.416584473001265,0.47012130988917594
Viral Pneumonia/images/Viral Pneumonia-17.png,Viral Pneumonia,3,0.3923220431905726,0.47903932967268825
Viral Pneumonia/images/Viral Pneumonia-179.png,Viral Pneumonia,3,0.27099698297603725,0.3420706902549402
Viral Pneumonia/images/Viral Pneumonia-18.png,Viral Pneumonia,3,0.32851940508436445,0.42724211050530003
Viral Pneumonia/images/Viral Pneumonia-190.png,Viral Pneumonia,3,0.41826282170489754,0.4450211421283863
Viral Pneumonia/images/Viral Pneumonia-191.png,Viral Pneumonia,3,0.392595236787486,0.3975209008004044
Viral Pneumonia/images/Viral Pneumonia-193.png,Viral Pneumonia,3,0.3079527140004091,0.3775897923046431
Viral Pneumonia/images/Viral Pneumonia-196.png,Viral Pneumonia,3,0.45324288221983233,0.43631598411032185
Viral Pneumonia/images/Viral Pneumonia-200.png,Viral Pneumonia,3,0.32032710210370446,0.32191413804124613
Viral Pneumonia/images/Viral Pneumonia-229.png,Viral Pneumonia,3,0.2753594030331305,0.30624041416701164
Viral Pneumonia/images/Viral Pneumonia-232.png,Viral Pneumonia,3,0.3282232159286324,0.4007685688352519
Viral Pneumonia/images/Viral Pneumonia-261.png,Viral Pneumonia,3,0.30916720114528806,0.3938732139126219
Viral Pneumonia/images/Viral Pneumonia-262.png,Viral Pneumonia,3,0.434003472992421,0.45684503142053434
Viral Pneumonia/images/Viral Pneumonia-266.png,Viral Pneumonia,3,0.26694505203442637,0.33415023696328966
Viral Pneumonia/images/Viral Pneumonia-268.png,Viral Pneumonia,3,0.39721808603131775,0.3677865974255335
Viral Pneumonia/images/Viral Pneumonia-284.png,Viral Pneumonia,3,0.38140533410638294,0.42777524469810885
Viral Pneumonia/images/Viral Pneumonia-285.png,Viral Pneumonia,3,0.307326722338602,0.37863238639030367
Viral Pneumonia/images/Viral Pneumonia-294.png,Viral Pneumonia,3,0.3074856814872929,0.3916443548735757
Viral Pneumonia/images/Viral Pneumonia-305.png,Viral Pneumonia,3,0.20572855489399208,0.3247056575036019
Viral Pneumonia/images/Viral Pneumonia-307.png,Viral Pneumonia,3,0.3099268849601999,0.4104702730378555
Viral Pneumonia/images/Viral Pneumonia-310.png,Viral Pneumonia,3,0.14910636928863716,0.32175425886167125
Viral Pneumonia/images/Viral Pneumonia-311.png,Viral Pneumonia,3,0.2609706096116386,0.34867142300367676
Viral Pneumonia/images/Viral Pneumonia-317.png,Viral Pneumonia,3,0.390857038052158,0.3968619500539149
Viral Pneumonia/images/Viral Pneumonia-323.png,Viral Pneumonia,3,0.45731535253445005,0.45308204330778584
Viral Pneumonia/images/Viral Pneumonia-326.png,Viral Pneumonia,3,0.25000485365136427,0.36348874616725585
Viral Pneumonia/images/Viral Pneumonia-328.png,Viral Pneumonia,3,0.3185543312527012,0.40964515954854985
Viral Pneumonia/images/Viral Pneumonia-331.png,Viral Pneumonia,3,0.4673421204569303,0.45465675584838283
Viral Pneumonia/images/Viral Pneumonia-340.png,Viral Pneumonia,3,0.29842164022856366,0.3923524737010903
Viral Pneumonia/images/Viral Pneumonia-342.png,Viral Pneumonia,3,0.2453297664284589,0.27386173976546874
Viral Pneumonia/images/Viral Pneumonia-348.png,Viral Pneumonia,3,0.3543945663503811,0.3143171410538828
Viral Pneumonia/images/Viral Pneumonia-352.png,Viral Pneumonia,3,0.33311068611716077,0.3486553752203585
Viral Pneumonia/images/Viral Pneumonia-36.png,Viral Pneumonia,3,0.3577554835227151,0.4001693844025658
Viral Pneumonia/images/Viral Pneumonia-363.png,Viral Pneumonia,3,0.231970728408998,0.30303927663855706
Viral Pneumonia/images/Viral Pneumonia-364.png,Viral Pneumonia,3,0.354198958157535,0.3711580360989955
Viral Pneumonia/images/Viral Pneumonia-374.png,Viral Pneumonia,3,0.2041146418187004,0.47084894581953
Viral Pneumonia/images/Viral Pneumonia-376.png,Viral Pneumonia,3,0.33582803973141595,0.3489683087859547
Viral Pneumonia/images/Viral Pneumonia-38.png,Viral Pneumonia,3,0.3069163563190729,0.3759106979711208
Viral Pneumonia/images/Viral Pneumonia-39.png,Viral Pneumonia,3,0.15448085013416696,0.24858668205077125
Viral Pneumonia/images/Viral Pneumonia-394.png,Viral Pneumonia,3,0.40841428003057906,0.3665305622496491
Viral Pneumonia/images/Viral Pneumonia-396.png,Viral Pneumonia,3,0.29471112944746347,0.4091476282509656
Viral Pneumonia/images/Viral Pneumonia-41.png,Viral Pneumonia,3,0.18698367797293092,0.41273421903954055
Viral Pneumonia/images/Viral Pneumonia-410.png,Viral Pneumonia,3,,0.35727361491834314
Viral Pneumonia/images/Viral Pneumonia-412.png,Viral Pneumonia,3,0.25483696475741463,0.3118677065326112
Viral Pneumonia/images/Viral Pneumonia-413.png,Viral Pneumonia,3,0.2992274195804784,0.3748084599025497
Viral Pneumonia/images/Viral Pneumonia-415.png,Viral Pneumonia,3,0.284001462420509,0.32960860954777466
Viral Pneumonia/images/Viral Pneumonia-417.png,Viral Pneumonia,3,0.39092869103404376,0.43155512781230404
Viral Pneumonia/images/Viral Pneumonia-419.png,Viral Pneumonia,3,0.37485143250469094,0.4353269815027894
Viral Pneumonia/images/Viral Pneumonia-422.png,Viral Pneumonia,3,0.5438258141000069,0.5453194548386746
Viral Pneumonia/images/Viral Pneumonia-425.png,Viral Pneumonia,3,0.28862815026196786,0.3939070821339503
Viral Pneumonia/images/Viral Pneumonia-426.png,Viral Pneumonia,3,0.28342088617849676,0.33111953325205884
Viral Pneumonia/images/Viral Pneumonia-428.png,Viral Pneumonia,3,0.30117223321097675,0.35725266669657796
Viral Pneumonia/images/Viral Pneumonia-438.png,Viral Pneumonia,3,0.36379439885481246,0.455839532622985
Viral Pneumonia/images/Viral Pneumonia-441.png,Viral Pneumonia,3,0.38938576322723806,0.440737077926356
Viral Pneumonia/images/Viral Pneumonia-463.png,Viral Pneumonia,3,0.3864744997321883,0.4155166752995157
Viral Pneumonia/images/Viral Pneumonia-47.png,Viral Pneumonia,3,0.40531479963900946,0.4840900260014821
Viral Pneumonia/images/Viral Pneumonia-470.png,Viral Pneumonia,3,0.31945473462774043,0.3550336406729849
Viral Pneumonia/images/Viral Pneumonia-482.png,Viral Pneumonia,3,0.3445306392786804,0.44491718928813845
Viral Pneumonia/images/Viral Pneumonia-485.png,Viral Pneumonia,3,0.33862507489684907,0.4665545912788486
Viral Pneumonia/images/Viral Pneumonia-494.png,Viral Pneumonia,3,0.32732691320774526,0.3479606654231004
Viral Pneumonia/images/Viral Pneumonia-5.png,Viral Pneumonia,3,0.3555455657092234,0.4463687754101829
Viral Pneumonia/images/Viral Pneumonia-509.png,Viral Pneumonia,3,0.21794802168467667,0.13634101210226798
Viral Pneumonia/images/Viral Pneumonia-51.png,Viral Pneumonia,3,0.28144198185504393,0.31743737246445386
Viral Pneumonia/images/Viral Pneumonia-510.png,Viral Pneumonia,3,0.37020666118969253,0.37009668827510106
Viral Pneumonia/images/Viral Pneumonia-516.png,Viral Pneumonia,3,0.35875885712290345,0.39890810567650603
Viral Pneumonia/images/Viral Pneumonia-520.png,Viral Pneumonia,3,0.2904240784578496,0.3113090460201335
Viral Pneumonia/images/Viral Pneumonia-524.png,Viral Pneumonia,3,0.25370764597511863,0.2875324154209049
Viral Pneumonia/images/Viral Pneumonia-530.png,Viral Pneumonia,3,0.2918558839384206,0.33582356595469504
Viral Pneumonia/images/Viral Pneumonia-531.png,Viral Pneumonia,3,0.29500455127528535,0.3354584232934865
Viral Pneumonia/images/Viral Pneumonia-551.png,Viral Pneumonia,3,0.3387649099424486,0.3985180153715849
Viral Pneumonia/images/Viral Pneumonia-552.png,Viral Pneumonia,3,0.3185551535386584,0.4366275361578765
Viral Pneumonia/images/Viral Pneumonia-558.png,Viral Pneumonia,3,,0.3146156701356166
Viral Pneumonia/images/Viral Pneumonia-561.png,Viral Pneumonia,3,0.3194281263578242,0.3618916847920207
Viral Pneumonia/images/Viral Pneumonia-564.png,Viral Pneumonia,3,0.179481246782156,0.25039123945217584
Viral Pneumonia/images/Viral Pneumonia-568.png,Viral Pneumonia,3,0.25566897192509525,0.3075200452505934
Viral Pneumonia/images/Viral Pneumonia-573.png,Viral Pneumonia,3,0.32175788674150774,0.38216854567118286
Viral Pneumonia/images/Viral Pneumonia-574.png,Viral Pneumonia,3,0.3229294673380834,0.4187847827614405
Viral Pneumonia/images/Viral Pneumonia-582.png,Viral Pneumonia,3,0.3511123431718452,0.396880090998888
Viral Pneumonia/images/Viral Pneumonia-591.png,Viral Pneumonia,3,0.3112090521237293,0.4120258206613931
Viral Pneumonia/images/Viral Pneumonia-61.png,Viral Pneumonia,3,0.3375094486299202,0.4107891458360568
Viral Pneumonia/images/Viral Pneumonia-613.png,Viral Pneumonia,3,0.3471487442902222,0.36956790434889264
Viral Pneumonia/images/Viral Pneumonia-617.png,Viral Pneumonia,3,0.19604127457002846,0.29423521906238664
Viral Pneumonia/images/Viral Pneumonia-631.png,Viral Pneumonia,3,0.317469403718604,0.3609673004841163
Viral Pneumonia/images/Viral Pneumonia-642.png,Viral Pneumonia,3,0.31094783550614113,0.3004942474938244
Viral Pneumonia/images/Viral Pneumonia-647.png,Viral Pneumonia,3,0.23138417861178792,0.26911761963974357
Viral Pneumonia/images/Viral Pneumonia-648.png,Viral Pneumonia,3,0.3957040198701461,0.45037136932985733
Viral Pneumonia/images/Viral Pneumonia-653.png,Viral Pneumonia,3,0.27002205810972435,0.26625069866945583
Viral Pneumonia/images/Viral Pneumonia-654.png,Viral Pneumonia,3,0.3245382390548767,0.3793802846962773
Viral Pneumonia/images/Viral Pneumonia-663.png,Viral Pneumonia,3,0.3978438134505509,0.4532796413499836
Viral Pneumonia/images/Viral Pneumonia-668.png,Viral Pneumonia,3,0.14503717564469262,0.4544478770287755
Viral Pneumonia/images/Viral Pneumonia-675.png,Viral Pneumonia,3,0.29170598022926036,0.3232595028536323
Viral Pneumonia/images/Viral Pneumonia-677.png,Viral Pneumonia,3,0.40113111564649934,0.4167326161690056
Viral Pneumonia/images/Viral Pneumonia-687.png,Viral Pneumonia,3,0.439438551245632,0.3878232407769327
Viral Pneumonia/images/Viral Pneumonia-689.png,Viral Pneumonia,3,0.33717039395606213,0.4987612928872191
Viral Pneumonia/images/Viral Pneumonia-691.png,Viral Pneumonia,3,0.4744015290713737,0.4684587293561163
Viral Pneumonia/images/Viral Pneumonia-698.png,Viral Pneumonia,3,0.3176118752639289,0.36307274527714556
Viral Pneumonia/images/Viral Pneumonia-700.png,Viral Pneumonia,3,0.2997139827139005,0.3699584550021594
Viral Pneumonia/images/Viral Pneumonia-722.png,Viral Pneumonia,3,0.2244903259916763,0.30084801907976794
Viral Pneumonia/images/Viral Pneumonia-733.png,Viral Pneumonia,3,0.27677387830622524,0.29701666634728624
Viral Pneumonia/images/Viral Pneumonia-747.png,Viral Pneumonia,3,0.3094077705392932,0.3760606703440667
Viral Pneumonia/images/Viral Pneumonia-751.png,Viral Pneumonia,3,0.32688257176250357,0.4165983396835568
Viral Pneumonia/images/Viral Pneumonia-756.png,Viral Pneumonia,3,0.33459536428730074,0.35548905590031804
Viral Pneumonia/images/Viral Pneumonia-757.png,Viral Pneumonia,3,0.2794306133526006,0.3077340908174952
Viral Pneumonia/images/Viral Pneumonia-760.png,Viral Pneumonia,3,0.2954057564349646,0.40658869434659023
Viral Pneumonia/images/Viral Pneumonia-766.png,Viral Pneumonia,3,0.31867804733532423,0.3751237753831461
Viral Pneumonia/images/Viral Pneumonia-773.png,Viral Pneumonia,3,0.2989202020888432,0.401850088029308
Viral Pneumonia/images/Viral Pneumonia-776.png,Viral Pneumonia,3,0.26213324956099837,0.3002674581205132
Viral Pneumonia/images/Viral Pneumonia-784.png,Viral Pneumonia,3,0.3996447294073371,0.4602051044148073
Viral Pneumonia/images/Viral Pneumonia-789.png,Viral Pneumonia,3,0.2674521150420315,0.37966800502279446
Viral Pneumonia/images/Viral Pneumonia-8.png,Viral Pneumonia,3,0.29935359041788767,0.43962114252693296
Viral Pneumonia/images/Viral Pneumonia-813.png,Viral Pneumonia,3,,0.2067081496406006
Viral Pneumonia/images/Viral Pneumonia-820.png,Viral Pneumonia,3,0.305924844351424,0.3663168031128171
Viral Pneumonia/images/Viral Pneumonia-86.png,Viral Pneumonia,3,0.3848609140949758,0.4222543867463328
Viral Pneumonia/images/Viral Pneumonia-864.png,Viral Pneumonia,3,0.29411964026329357,0.352396818669395
Viral Pneumonia/images/Viral Pneumonia-867.png,Viral Pneumonia,3,0.30427781781241864,0.29936664420650655
Viral Pneumonia/images/Viral Pneumonia-870.png,Viral Pneumonia,3,0.28595901024141457,0.323383255914805
Viral Pneumonia/images/Viral Pneumonia-872.png,Viral Pneumonia,3,0.1982212700976349,0.2865231396894817
Viral Pneumonia/images/Viral Pneumonia-889.png,Viral Pneumonia,3,0.26875780861590204,0.30195839866075475
Viral Pneumonia/images/Viral Pneumonia-89.png,Viral Pneumonia,3,0.30536487622162634,0.26670633896985535
Viral Pneumonia/images/Viral Pneumonia-890.png,Viral Pneumonia,3,0.23436174097286552,0.3164103021377427
Viral Pneumonia/images/Viral Pneumonia-908.png,Viral Pneumonia,3,0.25929697630312043,0.34018642362032536
Viral Pneumonia/images/Viral Pneumonia-909.png,Viral Pneumonia,3,0.29565500948368867,0.33169366015054924
Viral Pneumonia/images/Viral Pneumonia-918.png,Viral Pneumonia,3,0.33501778525987996,0.3953689817225307
Viral Pneumonia/images/Viral Pneumonia-93.png,Viral Pneumonia,3,0.2767370941057966,0.3816633633780706
Viral Pneumonia/images/Viral Pneumonia-930.png,Viral Pneumonia,3,0.4172827474571007,0.4421798608080619
Viral Pneumonia/images/Viral Pneumonia-946.png,Viral Pneumonia,3,0.4104116045292737,0.5208467910453852
Viral Pneumonia/images/Viral Pneumonia-947.png,Viral Pneumonia,3,0.26786074722895564,0.32217739596426
Viral Pneumonia/images/Viral Pneumonia-949.png,Viral Pneumonia,3,0.24883931741796264,0.26826300176160656
Viral Pneumonia/images/Viral Pneumonia-950.png,Viral Pneumonia,3,0.2981003912705872,0.2616842794842018
Viral Pneumonia/images/Viral Pneumonia-951.png,Viral Pneumonia,3,0.34539400196410946,0.3383179905413596
Viral Pneumonia/images/Viral Pneumonia-955.png,Viral Pneumonia,3,0.4302774954978818,0.4262791200929381
Viral Pneumonia/images/Viral Pneumonia-972.png,Viral Pneumonia,3,0.31339453732829087,0.4625859873903625
Viral Pneumonia/images/Viral Pneumonia-985.png,Viral Pneumonia,3,0.2813679783697627,0.3036719151325017
